id,lastname,firstname,middlename,birthday,country
1,Гурьева,Сократ,Артемовна,1945-04-02,Барбадос
2,Алексеев,Сигизмунд,Игоревна,1911-10-12,Словакия
3,Сидоров,Иларион,Леонидовна,1956-09-15,Вьетнам
4,Муравьев,Арефий,Зиновьевич,1907-04-05,Армения
5,Филиппов,Вениамин,Артёмович,2012-04-02,Бразилия
6,Фролов,Казимир,Борисовна,1913-09-19,Аргентина
7,Якушев,Зосима,Вячеславович,1958-02-19,Латвия
8,Аксенов,Всеслав,Германович,1932-05-07,Турция
9,Елисеев,Евлампий,Григорьевна,1952-11-10,Белиз
10,Панов,Амвросий,Альбертовна,2013-07-11,Иран
11,Вишняков,Эрнест,Валериевна,1989-03-01,Ангола
12,Селиверстова,Никодим,Адамович,1911-10-20,Туркмения
13,Носов,Мокей,Харламович,1953-11-26,Италия
14,Логинова,Лонгин,Васильевна,1992-03-05,Мальта
15,Кабанова,Герман,Яковлевич,1948-06-02,Киргизия
16,Фадеева,Мефодий,Харитоновна,1938-01-22,Бельгия
17,Рыбакова,Силантий,Александрович,1914-12-25,Панама
18,Козлов,Любим,Авдеевич,1951-02-12,Джибути
19,Харитонова,Ирина,Кузьминична,1918-03-30,Либерия
20,Кудряшов,Август,Геннадиевна,1999-04-29,Южный Судан
21,Гаврилов,Поликарп,Елисеевич,1920-07-05,Кирибати
22,Орехов,Жанна,Петровна,1985-07-04,Китай
23,Лобанов,Орест,Игнатович,2015-10-26,Венгрия
24,Беляев,Пантелеймон,Игоревич,2014-06-08,ОАЭ
25,Одинцов,Вениамин,Ильинична,1969-03-29,Бельгия
26,Медведев,Владлен,Яковлевич,1990-07-09,Мозамбик
27,Федосеева,Радислав,Тимурович,1957-01-03,Сомали
28,Дмитриев,Алевтина,Аскольдовна,1909-02-26,Румыния
29,Сидорова,Ананий,Леоновна,1979-11-16,Нигерия
30,Маслова,Андроник,Захарьевич,1926-05-14,Белоруссия
31,Петров,Сильвестр,Романовна,1952-10-14,Таджикистан
32,Мамонтов,Лавр,Захаровна,1981-02-03,Катар
33,Колобова,Леонтий,Ждановна,1947-05-03,Бангладеш
34,Антонова,Ян,Львовна,1942-10-17,Туркмения
35,Григорьев,Авдей,Ильинична,1995-07-23,Восточный Тимор
36,Осипова,Лев,Викторовна,1971-11-14,Индонезия
37,Трофимова,Светлана,Ермилович,1969-02-02,Сербия
38,Якушев,Фортунат,Михайловна,1981-04-23,Ангола
39,Соколов,Алексей,Филиппович,1912-06-02,Мальта
40,Ковалева,Ефрем,Викентьевич,1913-07-04,Сербия
41,Киселева,Виссарион,Иосифович,2001-02-02,Танзания
42,Ермаков,Николай,Богданович,1932-09-01,Вануату
43,Васильев,Елисей,Брониславович,1994-01-06,Гаити
44,Потапова,Виссарион,Евгеньевна,1931-08-07,Багамские Острова
45,Ершов,Станимир,Игоревна,1923-10-15,Нигер
46,Гордеева,Осип,Натановна,1939-06-29,Китай
47,Иванова,Ирина,Семеновна,1934-02-19,Фиджи
48,Третьякова,Викентий,Валентинович,2004-05-04,Мальдивы
49,Лаврентьев,Макар,Августович,1951-01-27,Ботсвана
50,Михайлова,Мариан,Абрамович,1988-09-24,Мьянма
51,Миронова,Тит,Юльевич,1995-01-13,Албания
52,Колобов,Вера,Иосипович,1953-11-25,Мальта
53,Романова,Афанасий,Харламович,1961-01-23,Мальдивы
54,Фадеев,Анна,Кирилловна,2002-06-20,Гватемала
55,Лукин,Лаврентий,Ааронович,1947-04-08,Тринидад и Тобаго
56,Комиссаров,Фадей,Афанасьевна,2000-12-04,Демократическая Республика Конго
57,Дроздов,Эмилия,Игоревич,1983-01-22,Вануату
58,Кондратьева,Иларион,Матвеевич,2000-03-31,Лаос
59,Вишняков,Тимур,Еремеевич,1934-05-19,Ирландия
60,Полякова,Амос,Анисимович,1966-07-16,Республика Корея
61,Воронцов,Лукьян,Исидорович,1916-07-22,Лесото
62,Копылова,Ипатий,Рубеновна,2016-05-25,Лаос
63,Авдеев,Кузьма,Федотович,2006-10-11,Мозамбик
64,Суханов,Федот,Ильинична,1982-07-27,Черногория
65,Ершова,Юлия,Харламович,1925-01-11,Габон
66,Игнатов,Фока,Викторович,2013-12-31,Финляндия
67,Фомин,Прасковья,Вячеславович,2018-04-18,Гондурас
68,Медведева,Валерия,Федосьевич,1992-09-04,Центральноафриканская Республика
69,Громова,Тихон,Валерьевич,1949-09-22,Парагвай
70,Белоусова,Прокофий,Дмитриевна,1991-04-25,Исландия
71,Иванов,Глафира,Валериевна,1929-06-02,Венесуэла
72,Мясникова,Юрий,Георгиевна,1996-07-17,Гайана
73,Терентьева,Вероника,Давыдович,1911-11-03,Тринидад и Тобаго
74,Мясникова,Клавдий,Теймуразович,1995-05-23,Либерия
75,Антонов,Фёкла,Владиславович,2020-12-17,Саудовская Аравия
76,Дорофеев,Макар,Афанасьевич,1959-06-26,Мавритания
77,Белозерова,Панкратий,Матвеевич,2020-01-30,Вьетнам
78,Муравьева,Эмиль,Феофанович,1911-09-26,Киргизия
79,Зиновьев,Орест,Евсеевич,1972-08-28,Гватемала
80,Соловьев,Анжела,Георгиевна,1986-11-26,Афганистан
81,Гаврилова,Захар,Филатович,1953-11-07,Кувейт
82,Костин,Лукьян,Иосипович,1931-12-15,Катар
83,Блохин,Арсений,Демидович,2006-07-16,Тринидад и Тобаго
84,Лихачева,Наркис,Фёдорович,1928-09-25,Гаити
85,Борисов,Антонин,Владиленович,2018-08-26,Никарагуа
86,Калинина,Елена,Валерианович,1959-03-26,Зимбабве
87,Агафонова,Владимир,Димитриевич,1911-12-26,Германия
88,Юдина,Лучезар,Анатольевна,1985-01-18,Латвия
89,Кириллова,Анжела,Кирилловна,2000-08-17,Таджикистан
90,Никонов,Станимир,Матвеевна,1928-06-09,Вьетнам
91,Анисимова,Фёкла,Яковлевич,2022-06-14,Никарагуа
92,Корнилов,Наталья,Ефимович,1957-12-02,Новая Зеландия
93,Степанов,Илья,Харлампович,2010-10-07,Казахстан
94,Одинцова,Афанасий,Фролович,2004-06-02,Кипр
95,Шестакова,Велимир,Давидович,2004-01-12,Таиланд
96,Зайцева,Тихон,Елизарович,1949-01-06,Исландия
97,Сорокина,Валентин,Сергеевна,2004-06-18,Демократическая Республика Конго
98,Беляев,Пелагея,Святославовна,1989-09-30,Мозамбик
99,Елисеев,Юрий,Тарасовна,1928-01-10,Мьянма
100,Турова,Иннокентий,Оскаровна,1923-12-02,Монголия
101,Пахомова,Павел,Евсеевич,1964-10-04,Фиджи
102,Тетерин,Владилен,Феодосьевич,1945-04-29,Литва
103,Белов,Рюрик,Артёмович,1957-03-19,Киргизия
104,Зыков,Вениамин,Антонович,1926-10-14,Мавритания
105,Миронова,Станимир,Харлампович,1947-04-11,Гайана
106,Игнатьева,Ладислав,Алексеевна,1958-12-31,Панама
107,Константинов,Владимир,Матвеевна,1968-08-17,Украина
108,Мясников,Азарий,Ильинична,1908-06-23,Венесуэла
109,Романов,Карп,Никифоровна,1921-04-01,Демократическая Республика Конго
110,Жукова,Константин,Жоресович,2010-05-15,Венесуэла
111,Вишнякова,Василий,Ефимовна,1933-05-21,Испания
112,Сазонова,Митофан,Федосеевич,1992-03-17,Австрия
113,Самойлова,Любомир,Виленович,1981-06-06,Нигерия
114,Никитин,Сергей,Ильич,1968-09-30,Франция
115,Анисимова,Ульяна,Арсенович,1914-03-20,Таджикистан
116,Дьячкова,Радислав,Алексеевна,1933-10-11,Албания
117,Муравьев,Николай,Васильевич,1980-07-06,КНДР
118,Ковалев,Татьяна,Вячеславович,1932-04-06,Науру
119,Лукин,Алина,Антипович,1931-11-03,Замбия
120,Богданов,Филипп,Ниловна,2016-12-18,Словакия
121,Суханов,Селиверст,Сергеевна,1940-04-08,Иордания
122,Михайлова,Светлана,Фомич,1917-04-03,Буркина-Фасо
123,Федосеев,Мария,Федоровна,2021-10-10,Эсватини
124,Семенов,Азарий,Харитонович,1997-03-16,Бельгия
125,Ширяева,Мирослав,Филиппович,1909-07-16,Катар
126,Шубина,Савелий,Феликсовна,1987-10-19,Вьетнам
127,Прохоров,Роман,Ильясович,1980-06-14,Тувалу
128,Фомина,Назар,Валентинович,2017-05-21,Мальта
129,Карпова,Михей,Геннадиевич,1996-01-29,Республика Конго
130,Евдокимова,Нина,Давыдович,1980-01-24,Исландия
131,Носкова,Измаил,Аркадьевна,1945-11-23,Маршалловы Острова
132,Терентьева,Болеслав,Жанович,1941-11-22,Латвия
133,Петрова,Юрий,Тихонович,1950-08-22,Буркина-Фасо
134,Михайлова,Пров,Львовна,1964-08-29,Канада
135,Голубева,Галактион,Юльевич,1913-09-15,Уганда
136,Филатова,Варфоломей,Феофанович,1962-03-20,Гренада
137,Волкова,Софрон,Захаровна,1920-12-21,Самоа
138,Брагина,Сидор,Ефимович,2008-06-15,Иран
139,Григорьева,Нина,Елисеевич,1956-02-25,Панама
140,Сысоева,Филарет,Тимофеевна,2006-06-01,Камбоджа
141,Логинова,Милан,Болеславовна,1967-10-21,Мадагаскар
142,Фомина,Яков,Герасимович,1933-10-21,Чехия
143,Крылов,Михаил,Дмитриевна,1919-05-03,Малайзия
144,Гущин,Елизар,Егоровна,2008-06-18,Гватемала
145,Логинов,Элеонора,Натановна,1971-08-19,Южный Судан
146,Дроздова,Денис,Демьянович,2011-05-03,Оман
147,Игнатьева,Ратибор,Елизарович,1916-09-24,Багамские Острова
148,Орлов,Евгения,Степановна,2004-11-25,Австралия
149,Мишина,Нестор,Изотович,1992-05-14,Монголия
150,Щукина,Олег,Ефимьевич,1976-07-04,Великобритания
151,Никифорова,Харитон,Викентьевич,1999-06-09,Молдавия
152,Одинцов,Евсей,Геннадиевна,1928-12-28,Индонезия
153,Филатова,Фотий,Витальевич,1941-12-09,Гвинея-Бисау
154,Быков,Святополк,Изотович,1948-03-11,Норвегия
155,Емельянов,Анастасия,Евсеевич,1999-05-31,Бельгия
156,Никитин,Алла,Антоновна,1938-09-18,Мали
157,Лихачева,Кирилл,Макаровна,2010-08-17,Болгария
158,Горбунов,Вера,Зиновьевич,1915-03-17,Оман
159,Кошелева,Боян,Аркадьевна,1948-02-10,Оман
160,Кудрявцева,Потап,Анатольевна,1964-10-23,Пакистан
161,Власова,Аристарх,Николаевна,1981-09-11,Швейцария
162,Якушев,Евграф,Филимонович,1965-05-30,Гондурас
163,Большаков,Осип,Егорович,2017-06-29,Бруней
164,Исаев,Алина,Игнатьевич,1972-11-12,Белоруссия
165,Русаков,Сократ,Федосьевич,1979-06-02,Буркина-Фасо
166,Лыткин,Екатерина,Ярославович,1973-04-13,Сан-Марино
167,Исаева,Лонгин,Чеславович,2012-05-12,Словения
168,Захарова,Борислав,Германович,1964-05-23,Нидерланды
169,Лапин,Регина,Феликсович,1913-10-23,Ботсвана
170,Алексеев,Никита,Харитонович,1981-03-22,Бурунди
171,Шаров,Глафира,Анатольевич,1919-06-16,США
172,Степанова,Мартын,Исидорович,1975-05-12,Эсватини
173,Жданова,Никита,Валериевна,1985-09-26,Грузия
174,Миронов,Маргарита,Федоровна,1912-10-20,Иордания
175,Потапова,Анна,Павловна,1994-08-31,Венгрия
176,Дементьев,Кондратий,Михайловна,1912-02-18,Соломоновы Острова
177,Исаев,Трофим,Ермилович,1957-09-16,Демократическая Республика Конго
178,Лукин,Святополк,Евстигнеевич,2003-03-31,Греция
179,Лебедева,Каллистрат,Робертовна,1990-11-29,Буркина-Фасо
180,Куликова,Лукия,Тарасовна,1945-03-13,Финляндия
181,Миронов,Максим,Владиленович,1932-03-14,Швеция
182,Павлова,Иванна,Федосьевич,1990-11-05,Йемен
183,Давыдова,Элеонора,Денисович,1911-01-13,Великобритания
184,Воронова,Ратибор,Афанасьевич,1909-01-06,Казахстан
185,Васильев,Октябрина,Алексеевич,1946-11-28,Монако
186,Герасимова,Тамара,Степановна,2015-08-25,Парагвай
187,Морозова,Филипп,Ерофеевич,1913-07-27,Кипр
188,Данилова,Авксентий,Борисович,1909-12-09,Кабо-Верде
189,Королев,Якуб,Гертрудович,1988-04-22,Испания
190,Мартынов,Максимильян,Оскаровна,1927-06-02,Саудовская Аравия
191,Ларионова,Никандр,Альбертовна,1988-03-23,Бруней
192,Фролов,Харлампий,Ааронович,1936-05-27,Грузия
193,Комарова,Милица,Феликсович,1949-07-23,Бразилия
194,Сазонов,Феврония,Петровна,1933-07-10,Гватемала
195,Большакова,Спиридон,Евсеевич,1984-04-30,Чили
196,Лукина,Василиса,Ивановна,1945-07-13,Таиланд
197,Воронцова,Радим,Викторович,2006-04-02,Руанда
198,Рожков,Макар,Кирилловна,2015-11-07,Багамские Острова
199,Дьячкова,Остап,Болеславовна,1911-10-17,Тувалу
200,Сысоев,Изяслав,Богданович,2021-09-25,Ямайка
201,Евсеева,Яков,Святославовна,1908-01-23,Лаос
202,Ершова,Ермолай,Геннадьевна,2003-09-19,Тувалу
203,Федосеев,Клавдия,Леонидовна,2016-02-25,Мавритания
204,Кондратьев,Стоян,Власович,1980-10-02,Марокко
205,Соловьев,Вышеслав,Еремеевич,2000-10-24,Самоа
206,Дроздова,Зиновий,Евсеевич,1907-12-08,Испания
207,Юдина,Исидор,Гордеевич,1946-10-03,Северная Македония
208,Ситникова,Виктор,Глебович,1936-12-08,Кот-д’Ивуар
209,Мясников,Милица,Адамович,1939-06-30,Палау
210,Дьячков,Никодим,Леонидовна,1937-04-11,Канада
211,Суханов,Ерофей,Фомич,2004-06-13,Марокко
212,Воронцов,Нина,Святославовна,1928-05-02,Испания
213,Гурьев,Кирилл,Филимонович,1957-03-22,Эфиопия
214,Вишняков,Корнил,Устинович,2007-07-01,Япония
215,Соболева,Прокофий,Эльдаровна,1920-01-31,Эритрея
216,Григорьев,Аверкий,Федосьевич,2006-05-19,Ирак
217,Носкова,Синклитикия,Филатович,1940-08-16,Афганистан
218,Иванов,Елизавета,Богданович,1991-12-01,КНДР
219,Лебедева,Изяслав,Федосьевич,1976-05-05,Босния и Герцеговина
220,Копылов,Зосима,Васильевич,1992-06-06,Коморы
221,Яковлев,Эммануил,Валериевна,1930-11-12,Кипр
222,Панова,Алина,Рудольфовна,2008-07-22,Гренада
223,Быкова,Мефодий,Вячеславович,1993-04-01,Коста-Рика
224,Егоров,Всемил,Бориславович,1953-12-07,Буркина-Фасо
225,Нестеров,Виктория,Антонович,2004-09-29,Камерун
226,Павлов,Яков,Игоревич,2016-11-06,Коморы
227,Буров,Василий,Трофимович,1911-03-16,Перу
228,Тихонова,Петр,Иларионович,1956-06-05,Шри-Ланка
229,Лобанова,Осип,Вадимовна,2000-12-09,Египет
230,Суханова,Вера,Альбертовна,1938-10-27,Гватемала
231,Морозова,Антонина,Никифоровна,1956-01-28,Эсватини
232,Кудрявцева,Зинаида,Георгиевна,1962-08-05,Тувалу
233,Дементьева,Арсений,Еремеевич,1948-11-22,Палау
234,Кондратьева,Аггей,Богданович,1974-10-21,Камбоджа
235,Копылов,Вениамин,Артёмович,2000-02-27,Гондурас
236,Бирюкова,Милица,Жанович,1930-09-03,Чили
237,Зуев,Вадим,Ефимович,1931-07-09,Греция
238,Кондратьев,Елисей,Данилович,1916-02-29,Южный Судан
239,Лукин,Тимофей,Ануфриевич,1939-12-26,Лихтенштейн
240,Чернова,Дементий,Вячеславович,1921-04-02,Кения
241,Фролова,Елисей,Ануфриевич,2021-05-07,Уганда
242,Зуева,Ярополк,Григорьевич,1937-06-27,Камерун
243,Голубев,Денис,Якубович,1980-07-12,Белоруссия
244,Новиков,Мартьян,Михайловна,1993-07-04,Сирия
245,Фролов,Мирон,Владиславович,1915-09-21,Демократическая Республика Конго
246,Красильникова,Симон,Фокич,1977-01-28,Андорра
247,Соколов,Казимир,Федосьевич,1973-04-09,Ангола
248,Суханова,Фёкла,Константиновна,1949-06-18,Венесуэла
249,Доронин,Митофан,Ермолаевич,1951-02-09,Молдавия
250,Владимиров,Денис,Гертрудович,1911-04-08,Туркмения
251,Горбачева,Пелагея,Еремеевич,1990-09-12,Соломоновы Острова
252,Петрова,Тимофей,Владиславовна,2008-12-27,Украина
253,Кириллова,Давыд,Сергеевна,1962-11-03,Танзания
254,Миронов,Милан,Богдановна,1951-02-08,Мадагаскар
255,Елисеева,Мина,Владимировна,2017-02-20,Демократическая Республика Конго
256,Ермаков,Мокей,Ануфриевич,1993-10-20,Пакистан
257,Пономарева,Антонина,Иосипович,1970-01-23,Бутан
258,Савин,Мария,Павловна,2021-02-07,Гаити
259,Самойлов,Таисия,Дорофеевич,2001-01-29,Кабо-Верде
260,Галкина,Трифон,Евсеевич,2016-04-27,Белиз
261,Калинина,Жанна,Егоровна,1953-02-21,Израиль
262,Рыбаков,Куприян,Олеговна,1989-08-11,Науру
263,Егорова,Влас,Ануфриевич,1935-11-29,Катар
264,Блохин,Радим,Бориславович,1988-06-25,Индия
265,Шилов,Ладимир,Наумовна,1950-05-12,Катар
266,Яковлев,Вадим,Павловна,1963-12-07,Чили
267,Дьячкова,Август,Борисовна,1931-12-16,Панама
268,Ефимова,Назар,Зиновьевич,2002-04-17,Камерун
269,Игнатьева,Феофан,Федосьевич,1952-08-15,Камерун
270,Сергеев,Лазарь,Фомич,1912-12-15,Чили
271,Куликова,Емельян,Егорович,1921-08-31,Папуа
272,Костин,Макар,Рудольфовна,1999-10-09,Украина
273,Воронова,Амос,Ааронович,2001-11-21,Австрия
274,Кудряшова,Сократ,Богдановна,1985-07-15,Азербайджан
275,Тимофеев,Анжела,Германович,2010-12-24,Палау
276,Самойлова,Спиридон,Даниловна,1930-06-25,Люксембург
277,Сидоров,Таисия,Артёмович,1927-07-10,Бутан
278,Куликов,Сергей,Артурович,1971-05-05,Кирибати
279,Иванов,Лаврентий,Антипович,1979-07-10,Египет
280,Анисимова,Радован,Димитриевич,1990-12-15,Доминиканская Республика
281,Маркова,Амвросий,Егоровна,1933-12-10,Франция
282,Филиппова,Филимон,Ильясович,2005-03-11,Восточный Тимор
283,Романова,Максим,Никифоровна,1909-05-01,Гана
284,Федосеев,Яков,Ермилович,1965-04-24,Шри-Ланка
285,Котова,Мария,Геннадьевна,2004-04-26,Белоруссия
286,Никифорова,Зоя,Аскольдовна,2019-08-10,Лаос
287,Афанасьев,Аникита,Валерианович,1957-04-29,Нигер
288,Русаков,Самсон,Демидович,1957-03-07,Сейшельские Острова
289,Воробьев,Ювеналий,Ярославович,1942-01-08,Коморы
290,Харитонов,Поликарп,Матвеевна,1971-05-25,Казахстан
291,Ершова,Казимир,Викентьевич,2008-05-22,Эфиопия
292,Большаков,Елизар,Антонович,1998-03-12,Германия
293,Шарапов,Олимпий,Васильевна,1978-09-21,Таджикистан
294,Миронов,Варфоломей,Владленович,1942-02-25,Никарагуа
295,Козлова,Радим,Ждановна,1954-01-13,Гайана
296,Якушев,Татьяна,Владиславовна,1934-07-14,Азербайджан
297,Шаров,Устин,Григорьевна,1981-11-12,Бангладеш
298,Волков,Викентий,Игнатович,1999-03-29,Науру
299,Голубев,Пантелеймон,Николаевна,1945-06-22,Бразилия
300,Гордеева,Флорентин,Абрамович,1988-04-12,Центральноафриканская Республика
301,Мухин,Иван,Викентьевич,1937-08-07,Греция
302,Максимова,Исидор,Артёмович,1952-01-31,Лаос
303,Авдеев,Дарья,Венедиктович,2006-06-22,Соломоновы Острова
304,Наумова,Исидор,Борисович,1985-05-22,Австрия
305,Романов,Любовь,Антонович,1969-04-17,Танзания
306,Логинов,Иванна,Артемовна,1991-03-05,Руанда
307,Назарова,Жанна,Фёдорович,1913-06-25,Замбия
308,Комаров,Сила,Алексеевна,2001-05-28,Того
309,Гурьева,Порфирий,Робертовна,1993-04-03,Восточный Тимор
310,Третьякова,Исай,Антонович,2016-07-05,Гренада
311,Беляева,Агата,Фадеевич,2019-12-07,Мадагаскар
312,Мясников,Казимир,Ждановна,1921-10-04,Руанда
313,Харитонов,Михаил,Жанович,2003-11-04,Демократическая Республика Конго
314,Боброва,Тарас,Тимурович,2004-04-05,США
315,Кабанов,Леон,Тимофеевна,1915-05-20,ЮАР
316,Ковалева,Раиса,Максимовна,1920-12-30,Китай
317,Костина,Лидия,Дмитриевич,1953-08-07,Доминиканская Республика
318,Громова,Софон,Герасимович,2013-07-30,Сент-Люсия
319,Куликов,Ефрем,Тихонович,2015-12-23,Панама
320,Копылова,Панкратий,Гертрудович,1933-04-11,Сейшельские Острова
321,Щербакова,Пантелеймон,Чеславович,1942-07-17,Бельгия
322,Белякова,Севастьян,Дорофеевич,1940-07-30,Либерия
323,Дьячков,Остап,Николаевна,1976-11-23,Марокко
324,Давыдова,Василий,Владимировна,1979-06-07,Франция
325,Никонова,Вышеслав,Олеговна,2011-12-26,Либерия
326,Капустин,Леон,Гордеевич,1942-01-16,Камбоджа
327,Капустин,Раиса,Адамович,1912-09-17,Джибути
328,Федорова,Игорь,Димитриевич,1997-01-31,Саудовская Аравия
329,Евдокимов,Виталий,Фомич,1955-08-19,Польша
330,Комаров,Милован,Глебович,1935-02-22,Вьетнам
331,Фролов,Поликарп,Борисовна,1949-04-19,Коста-Рика
332,Ершов,Ираида,Борисович,1911-01-22,Афганистан
333,Веселова,Твердислав,Антипович,2006-06-06,Иран
334,Дорофеева,Амвросий,Терентьевич,1939-11-03,Замбия
335,Яковлев,Сила,Кузьминична,2020-10-02,Ирак
336,Миронова,Гаврила,Александровна,1932-04-16,Коморы
337,Белова,Захар,Захаровна,2014-04-11,Мадагаскар
338,Иванова,Фёкла,Александрович,1914-09-10,Словения
339,Третьякова,Фрол,Петровна,1982-10-05,Коста-Рика
340,Молчанов,Чеслав,Адрианович,1949-04-03,Германия
341,Романов,Остромир,Кузьминична,1921-11-02,Алжир
342,Родионов,Поликарп,Жанович,2017-07-31,Сербия
343,Самсонов,Дмитрий,Власович,1994-05-31,Замбия
344,Воробьева,Самсон,Иосифович,1945-04-04,Маврикий
345,Белова,Юрий,Даниилович,2012-02-18,Дания
346,Субботин,Ирина,Эдгардович,1956-06-25,Эквадор
347,Журавлева,Агафья,Жанович,1925-07-12,Перу
348,Якушева,Геннадий,Альбертовна,2003-04-22,Зимбабве
349,Лобанова,Сократ,Владиленович,1943-09-01,Италия
350,Александров,Иосиф,Евстигнеевич,1951-10-23,Казахстан
351,Гаврилов,Остромир,Юльевич,1908-02-11,Непал
352,Кошелева,Демьян,Теймуразович,1953-06-17,Бангладеш
353,Сергеева,Людмила,Жанович,1968-12-09,Йемен
354,Сазонова,Капитон,Ермолаевич,1928-10-22,Того
355,Устинова,Лазарь,Семеновна,1987-05-17,Бутан
356,Игнатьев,Святополк,Филимонович,1938-08-18,Демократическая Республика Конго
357,Громов,Георгий,Ефимьевич,1923-10-29,Норвегия
358,Мельников,Никандр,Альбертовна,1947-04-24,Нигерия
359,Кузнецова,Аполлон,Гордеевич,1921-09-26,Сенегал
360,Ефимова,Нестор,Кузьминична,1958-04-08,Сенегал
361,Петухова,Аскольд,Валерьянович,1909-10-16,Туркмения
362,Котова,Илья,Андреевич,1961-12-19,Самоа
363,Бурова,Любомир,Андреевич,1932-02-06,Тринидад и Тобаго
364,Марков,Фока,Валерианович,1939-01-18,Руанда
365,Шарапов,Антип,Феоктистович,1943-03-19,Эритрея
366,Юдина,Иванна,Фомич,2005-09-19,Иран
367,Титова,Феоктист,Мироновна,1985-01-24,Белоруссия
368,Савин,Артемий,Трифонович,1947-02-05,Сомали
369,Ефремова,Тимофей,Демидович,1980-08-13,Гондурас
370,Фадеев,Ираида,Николаевна,1988-06-11,Перу
371,Баранова,Зосима,Афанасьевич,1983-04-14,Афганистан
372,Мясникова,Матвей,Эдуардовна,1914-05-05,Мали
373,Комарова,Афанасий,Филимонович,1943-02-23,Китай
374,Ефремова,Олимпиада,Данилович,2017-07-26,Фиджи
375,Терентьева,Фортунат,Изотович,1920-08-07,Греция
376,Сорокина,Агафон,Эдгардович,2015-04-21,Фиджи
377,Князев,Михей,Харитонович,1921-11-07,Панама
378,Лаврентьева,Ерофей,Геннадьевна,1909-04-27,США
379,Лазарев,Родион,Феодосьевич,2012-06-19,Грузия
380,Лихачева,Святополк,Елизарович,1928-06-09,Мальта
381,Кулагина,Иван,Евстигнеевич,2020-04-07,Ангола
382,Гришина,Фаина,Валентиновна,1938-08-29,Эквадор
383,Вишнякова,Любомир,Фёдорович,1995-01-04,Индонезия
384,Костин,Кондрат,Павловна,1957-08-01,Сальвадор
385,Алексеев,Федосий,Федотович,1945-11-24,Гондурас
386,Быкова,Любовь,Еремеевич,2014-11-21,Иран
387,Кулагина,Фёкла,Ефимьевич,1960-11-15,Молдавия
388,Данилова,Пров,Бенедиктович,1959-02-02,Грузия
389,Ларионов,Любовь,Яковлевич,1925-12-05,Пакистан
390,Пестова,Эммануил,Кузьминична,1907-12-16,Куба
391,Шубин,Ксения,Руслановна,2020-07-14,Италия
392,Субботина,Мартын,Ааронович,1958-02-18,Бахрейн
393,Федосеев,Савва,Антипович,1942-12-27,Исландия
394,Маслов,Афиноген,Владиславович,2021-03-04,Эритрея
395,Щербакова,Милица,Антонович,1962-05-30,Камерун
396,Александров,Владимир,Фадеевич,1943-01-18,Руанда
397,Савельев,Гаврила,Макаровна,1965-01-15,Гондурас
398,Беспалов,Сильвестр,Валерианович,2000-02-01,Канада
399,Уваров,Амос,Богдановна,2007-04-11,Аргентина
400,Уваров,Иларион,Оскаровна,2006-05-30,Сербия
401,Михеева,Екатерина,Харитоновна,1947-09-29,Панама
402,Константинова,Герасим,Бенедиктович,2015-12-02,Индия
403,Костин,Осип,Иосифович,1993-02-23,Руанда
404,Мамонтов,Олимпиада,Артемовна,1920-05-23,Кирибати
405,Жукова,Исидор,Всеволодович,1954-03-06,Парагвай
406,Максимов,Нина,Тимуровна,1927-03-14,Афганистан
407,Князев,Милован,Евсеевич,1917-05-20,Мьянма
408,Горбунов,Эммануил,Геннадиевич,2012-09-29,Сальвадор
409,Казакова,Аникита,Егоровна,1945-06-19,Дания
410,Воронов,Изяслав,Георгиевна,1924-06-07,Бутан
411,Кононова,Савелий,Кирилловна,1969-05-06,Таджикистан
412,Молчанова,Иванна,Ильич,1915-01-10,Мозамбик
413,Максимова,Вышеслав,Валерианович,1907-10-23,Индия
414,Фомина,Сильвестр,Валерьевич,1970-05-04,Маршалловы Острова
415,Блинов,Аверьян,Августович,1981-12-16,Мексика
416,Самсонова,Елисей,Юлианович,1912-08-14,Дания
417,Попова,Сидор,Георгиевна,1994-06-25,Венесуэла
418,Николаев,Конон,Ефстафьевич,1960-03-05,Гвинея-Бисау
419,Шестакова,Авдей,Измаилович,1985-01-12,Гренада
420,Дорофеева,Максимильян,Изотович,2015-05-21,Алжир
421,Рябов,Лаврентий,Кузьминична,1920-04-27,Исландия
422,Ларионова,Роман,Исидорович,1977-04-12,Мадагаскар
423,Журавлев,Светозар,Ануфриевич,2000-10-17,Черногория
424,Костина,Никодим,Макаровна,2021-05-20,Иордания
425,Беляков,Дмитрий,Анатольевич,1908-04-23,Оман
426,Артемьев,Потап,Трофимович,2011-11-11,Болгария
427,Васильев,Потап,Максимовна,1958-07-28,Либерия
428,Сысоева,Аркадий,Юльевна,1915-06-07,Зимбабве
429,Матвеев,Вадим,Юлианович,1980-01-30,Румыния
430,Суханова,Мир,Еремеевич,1990-07-01,Сент-Люсия
431,Петухова,Авксентий,Максимовна,1994-08-14,Намибия
432,Туров,Ульяна,Вениаминовна,1939-02-20,Малайзия
433,Зайцева,Леон,Адамович,2014-01-27,США
434,Устинов,Модест,Харламович,1921-07-08,Нигерия
435,Савин,Кирилл,Иосипович,1915-08-27,Ямайка
436,Васильева,Кондрат,Августович,2011-06-29,Ангола
437,Большаков,Федосий,Адамович,1945-07-19,Филиппины
438,Белякова,Эдуард,Гертрудович,1935-04-10,Непал
439,Максимова,Борис,Измаилович,1920-09-24,Доминика
440,Симонов,Тамара,Анисимович,1947-01-11,Демократическая Республика Конго
441,Лихачев,Мефодий,Брониславович,1965-07-01,Туркмения
442,Тарасова,Эмилия,Адрианович,1977-11-23,Албания
443,Доронин,Любовь,Ааронович,1999-02-22,Федеративные Штаты Микронезии
444,Пономарев,Аггей,Макаровна,1994-09-02,Гаити
445,Яковлева,Аркадий,Елисеевич,1977-10-29,Фиджи
446,Тетерин,Акулина,Глебович,1939-01-31,Хорватия
447,Давыдова,Лавр,Юльевна,1946-02-17,Гвинея-Бисау
448,Крюков,Наина,Мироновна,1961-10-12,Тонга
449,Богданова,Макар,Евстигнеевич,1941-02-10,Монголия
450,Ильина,Ульяна,Алексеевич,1916-07-05,Турция
451,Ильина,Ия,Максимовна,1995-11-17,Дания
452,Уварова,Владимир,Эльдаровна,1922-03-07,Сингапур
453,Владимиров,Ювеналий,Якубович,1931-08-13,Египет
454,Ермаков,Евдоким,Бориславович,1945-12-25,Куба
455,Андреев,Мина,Феофанович,1913-06-21,Сальвадор
456,Пестова,Фирс,Вячеславович,1914-04-04,Венгрия
457,Мясникова,Данила,Юльевич,1929-06-16,Армения
458,Блинов,Святополк,Филиппович,1934-10-08,Куба
459,Шаров,Евлампий,Жоресович,1982-08-31,Зимбабве
460,Алексеев,Лавр,Гурьевич,1931-06-28,Гондурас
461,Тихонова,Мокей,Валерьянович,1937-05-18,Румыния
462,Ильин,Варвара,Юльевна,1948-05-03,Республика Корея
463,Лыткин,Эрнст,Анатольевич,1943-02-26,Кения
464,Соловьев,Дорофей,Елисеевич,1955-03-06,Самоа
465,Суханова,Лора,Матвеевна,1970-11-01,Лихтенштейн
466,Якушева,Порфирий,Марсович,1975-12-12,Экваториальная Гвинея
467,Пономарева,Эмиль,Фадеевич,1909-07-05,Норвегия
468,Терентьева,Леонид,Изотович,2006-11-07,Лесото
469,Мухина,Варлаам,Давыдович,1938-09-19,Казахстан
470,Аксенов,Илья,Федосеевич,1979-11-26,Аргентина
471,Игнатов,Ефрем,Викторович,2001-07-14,Гондурас
472,Кудряшов,Викторин,Валерьянович,1915-01-06,Кирибати
473,Лукина,Владлен,Юрьевна,1941-07-07,Ливия
474,Суханова,Александра,Фомич,1962-11-20,Экваториальная Гвинея
475,Ларионов,Руслан,Демьянович,2019-08-30,Словакия
476,Титова,Юлия,Евстигнеевич,1964-04-07,Андорра
477,Фадеев,Анжела,Германович,1981-01-05,Доминиканская Республика
478,Журавлева,Доброслав,Леонидовна,1953-12-14,Восточный Тимор
479,Агафонова,Константин,Фёдорович,1992-12-14,Сирия
480,Мамонтова,Любомир,Яковлевич,2019-05-11,Иран
481,Ситникова,Архип,Ефремович,1985-04-20,Грузия
482,Уваров,Любовь,Дмитриевна,2013-09-09,Люксембург
483,Кошелева,Сидор,Васильевна,1987-10-05,Тунис
484,Белозеров,Александра,Дмитриевна,1921-04-30,Науру
485,Белов,Павел,Захарьевич,1973-01-26,Япония
486,Рябова,Амос,Викентьевич,1998-09-21,Гана
487,Блинова,Всемил,Владленович,1951-06-27,Эсватини
488,Корнилов,Глафира,Афанасьевич,1939-06-06,Латвия
489,Белоусов,Будимир,Ниловна,1939-11-24,Кабо-Верде
490,Терентьева,Лора,Харлампович,2018-05-27,Великобритания
491,Давыдова,Вероника,Ермолаевич,1959-06-09,Пакистан
492,Одинцова,Виктория,Аксёнович,1961-02-20,Кувейт
493,Коновалов,Виссарион,Денисович,2009-11-30,Латвия
494,Белова,Максимильян,Артурович,1944-12-19,Германия
495,Пестова,Егор,Бенедиктович,2016-10-30,Чили
496,Гущин,Наум,Андреевич,2007-01-02,Испания
497,Ларионова,Ульян,Димитриевич,1972-10-04,Гамбия
498,Крылов,Гостомысл,Ануфриевич,1993-01-24,Гвинея-Бисау
499,Харитонов,Софон,Феликсович,1999-11-16,Чили
500,Копылов,Андроник,Валерьянович,1950-03-04,Таджикистан
501,Тихонов,Елизар,Игнатович,2017-10-12,Кипр
502,Назарова,Пров,Васильевич,1922-09-18,Судан
503,Мишина,Анатолий,Артемовна,2017-01-10,Бутан
504,Савельев,Гостомысл,Дорофеевич,2022-04-12,Уругвай
505,Мишин,Юлия,Натановна,1931-04-10,Белиз
506,Дмитриева,Зоя,Антоновна,1986-08-16,Израиль
507,Котова,Леон,Филимонович,1949-07-20,Кения
508,Гордеева,Орест,Денисович,2017-05-11,Перу
509,Воронцов,Осип,Борисовна,2021-07-26,Уганда
510,Афанасьев,Кондрат,Владимировна,1950-02-18,Ирландия
511,Белозеров,Регина,Никифоровна,1991-08-03,Египет
512,Борисова,Мирослав,Гертрудович,1919-06-27,Сирия
513,Маслова,Агафон,Адамович,1998-08-04,Вьетнам
514,Назарова,Григорий,Владиславович,1977-09-10,Словакия
515,Фокин,Синклитикия,Антипович,1962-09-15,Непал
516,Мамонтов,Леонид,Вадимовна,1954-10-15,Хорватия
517,Цветкова,Ферапонт,Ниловна,2008-03-01,Габон
518,Зайцева,Ярослав,Тимурович,1933-02-15,Ирак
519,Игнатова,Чеслав,Юлианович,1916-02-18,Саудовская Аравия
520,Казакова,Савва,Жоресович,1945-06-26,Алжир
521,Карпова,Тамара,Яковлевич,1976-11-22,Мавритания
522,Никонов,Осип,Гаврилович,1944-11-21,Кабо-Верде
523,Кузьмин,Милица,Денисович,1960-07-15,Армения
524,Русаков,Галина,Демьянович,1916-11-25,Кувейт
525,Цветков,Максимильян,Ильясович,1979-11-06,Намибия
526,Капустин,Осип,Ермолаевич,2017-05-16,Науру
527,Тихонов,Эраст,Сергеевна,1968-05-02,Афганистан
528,Пестова,Харитон,Тихонович,1973-09-23,Уганда
529,Федотов,Кондратий,Валерианович,1974-07-23,Уругвай
530,Волков,Валерьян,Федосеевич,1998-08-11,Мали
531,Рыбакова,Бронислав,Артемьевич,1975-04-09,Монако
532,Захаров,Кира,Владиленович,1910-03-07,Камбоджа
533,Борисов,Аким,Эдгарович,2014-12-05,Перу
534,Вишнякова,Арефий,Герасимович,1944-12-07,Германия
535,Муравьева,Венедикт,Елисеевич,1993-05-21,Барбадос
536,Макарова,Евграф,Афанасьевич,2010-02-26,Египет
537,Калинина,Антип,Ефимьевич,2014-05-15,Вануату
538,Семенова,Милий,Фомич,1970-09-28,Эритрея
539,Ефремова,Емельян,Александровна,1977-12-22,Палау
540,Мартынов,София,Захаровна,2002-10-19,Малави
541,Баранова,Потап,Богдановна,1999-06-27,Того
542,Фадеева,Мокей,Игнатович,1992-12-12,Лесото
543,Исаева,Кондратий,Павловна,1958-12-22,Коста-Рика
544,Шашков,Борислав,Павловна,2015-12-25,Ботсвана
545,Орлов,Константин,Елизарович,1926-07-24,Аргентина
546,Родионова,Самсон,Романовна,1936-10-12,Ирландия
547,Козлова,Симон,Ааронович,2013-12-05,Молдавия
548,Некрасова,Пантелеймон,Геннадиевна,1979-11-09,Уганда
549,Жданова,Нинель,Матвеевна,1994-09-20,Уганда
550,Агафонова,Эрнест,Кирилловна,1936-06-20,Куба
551,Осипов,Трифон,Яковлевич,1985-01-16,Тонга
552,Молчанов,Эраст,Марсович,1965-03-07,Тувалу
553,Титова,Юлиан,Семеновна,1988-12-24,Албания
554,Степанов,Мина,Эдуардович,1965-02-23,Мали
555,Исаева,Василиса,Абрамович,1927-05-23,Гондурас
556,Комаров,Иванна,Измаилович,1973-04-16,Чад
557,Комарова,Родион,Ермилович,1939-07-02,Намибия
558,Маркова,Кира,Захарьевич,1939-10-21,Кувейт
559,Родионов,Лука,Аркадьевна,1948-03-17,Республика Конго
560,Воронова,Виссарион,Тихонович,1966-10-24,Сент-Люсия
561,Михайлов,Светлана,Ефимовна,1947-09-05,Финляндия
562,Владимирова,Лукия,Алексеевна,1999-02-19,Кот-д’Ивуар
563,Горбачев,Ян,Эдуардовна,1968-05-12,Сент-Китс и Невис
564,Ефимова,Виссарион,Леонидовна,1953-04-27,Австрия
565,Кононов,Глафира,Григорьевич,1909-05-25,Бруней
566,Фомичева,Климент,Герасимович,1988-07-20,Швеция
567,Потапов,Чеслав,Святославовна,1967-02-28,Алжир
568,Комиссарова,Синклитикия,Филимонович,1911-09-19,Грузия
569,Зайцева,Майя,Анисимович,1916-07-24,Мальдивы
570,Громова,Владислав,Афанасьевна,1966-08-10,Южный Судан
571,Михеев,Ладислав,Яковлевич,1927-06-14,Мьянма
572,Казаков,Трофим,Антипович,2016-01-02,Польша
573,Лапин,Глеб,Иларионович,1962-01-07,Индия
574,Мишина,Степан,Максимовна,1926-02-07,Армения
575,Савина,Осип,Юльевна,1970-08-21,Новая Зеландия
576,Емельянов,Александр,Иосифович,1975-06-12,Ливия
577,Никифорова,Натан,Димитриевич,1976-01-05,Румыния
578,Кошелева,Исидор,Рудольфовна,1934-07-15,Новая Зеландия
579,Лыткин,Лукия,Харламович,1993-03-09,Эквадор
580,Панфилов,Авксентий,Павловна,1996-07-11,Камерун
581,Гуляев,Илья,Витальевич,1932-03-31,Тонга
582,Комиссаров,Елизавета,Вилорович,1921-07-31,Белоруссия
583,Лукина,Аркадий,Владиславович,2011-12-09,Багамские Острова
584,Селиверстова,Антип,Ефстафьевич,1943-04-23,Уганда
585,Колобов,Фадей,Зиновьевич,1943-02-21,Тонга
586,Тихонова,Изяслав,Дорофеевич,1992-09-24,Болгария
587,Белозеров,Иванна,Фокич,2007-06-22,Непал
588,Селиверстова,Серафим,Захаровна,2005-10-24,Катар
589,Кононова,Пелагея,Харитоновна,2011-06-11,Тувалу
590,Белоусов,Юрий,Тимуровна,1975-09-27,Самоа
591,Крылова,Ратмир,Анатольевна,1973-11-05,Шри-Ланка
592,Белоусов,Алина,Харитонович,1943-09-05,Таиланд
593,Лаврентьев,Владимир,Натановна,1977-07-15,Индия
594,Антонова,Виссарион,Сергеевна,1929-03-20,Таиланд
595,Воронцов,Алла,Борисович,1983-01-17,Греция
596,Федоров,Аникита,Гавриилович,1972-07-29,Мальта
597,Гришин,Анисим,Абрамович,2008-06-09,Южный Судан
598,Зайцева,Виктория,Ерофеевич,1974-12-08,Нигерия
599,Романов,Любосмысл,Венедиктович,2015-03-05,Антигуа и Барбуда
600,Филиппов,Евлампий,Романовна,1948-04-19,Монако
601,Маркова,Фёкла,Анисимович,1955-06-16,Алжир
602,Котова,Панфил,Федосеевич,1920-08-21,Бангладеш
603,Никифорова,Всеволод,Харламович,1989-06-21,Грузия
604,Осипова,Ладимир,Гертрудович,1945-07-01,Доминиканская Республика
605,Герасимов,Федосий,Борисовна,1918-02-12,Бутан
606,Сазонова,Аггей,Жоресович,2003-10-05,Боливия
607,Филиппов,Алина,Харлампович,1959-06-06,Вануату
608,Игнатьев,Андрон,Тимуровна,1974-01-19,Армения
609,Пестова,Терентий,Вилорович,1926-02-15,Малайзия
610,Родионова,Элеонора,Евсеевич,1945-08-28,Венгрия
611,Казаков,София,Ермолаевич,1975-06-06,Джибути
612,Громова,Валерий,Феофанович,1918-11-15,Кот-д’Ивуар
613,Ковалев,Касьян,Кузьминична,2012-09-06,Канада
614,Носова,Владилен,Валерианович,1941-02-21,Федеративные Штаты Микронезии
615,Панова,Орест,Филатович,1959-10-15,Руанда
616,Селиверстов,Вениамин,Устинович,1967-08-21,Джибути
617,Савин,Еремей,Бориславович,1977-02-15,Андорра
618,Шарапов,Геннадий,Архиповна,2000-02-03,Джибути
619,Виноградов,Федот,Олеговна,1986-03-23,Кирибати
620,Данилов,Лазарь,Харлампович,2018-09-02,Бразилия
621,Доронин,Олимпий,Иосифович,1954-01-30,Колумбия
622,Королева,Сергей,Трифонович,1956-02-17,Болгария
623,Архипова,Лука,Феодосьевич,2006-04-16,Ботсвана
624,Ларионов,Любомир,Фомич,1941-02-23,Северная Македония
625,Владимирова,Руслан,Валерьянович,1953-07-22,Ливан
626,Третьякова,Арефий,Матвеевич,1946-09-13,КНДР
627,Терентьева,Эммануил,Фролович,1932-04-22,Кот-д’Ивуар
628,Крылов,Симон,Теймуразович,1938-09-15,Судан
629,Исаев,Иванна,Феофанович,1983-08-31,Турция
630,Симонова,Макар,Филиппович,2004-08-16,Вануату
631,Мишина,Агафон,Афанасьевич,1965-03-24,Грузия
632,Константинов,Дементий,Мироновна,1977-04-03,Барбадос
633,Сазонова,Марфа,Федосьевич,2019-10-31,Тринидад и Тобаго
634,Фокина,Ярослав,Ждановна,1924-08-24,Литва
635,Степанова,Творимир,Дмитриевна,1953-06-12,Тувалу
636,Князев,Игнатий,Дмитриевна,1928-05-24,Чили
637,Васильева,Прокл,Владиславовна,1943-10-06,Албания
638,Королева,Сильвестр,Фокич,1972-09-20,Чад
639,Брагин,Рубен,Виленович,1960-01-30,Россия
640,Тарасов,Елена,Мироновна,2006-03-12,Нигерия
641,Пестов,Артем,Рубеновна,2011-03-04,Ливия
642,Медведев,Ананий,Фролович,1978-04-05,Гватемала
643,Потапова,Мстислав,Викторовна,1941-08-29,Румыния
644,Дементьева,Ермолай,Демидович,1952-03-13,Сингапур
645,Зуев,Иосиф,Юлианович,1949-11-25,Коморы
646,Петухова,Наум,Матвеевич,1939-06-09,Панама
647,Крюкова,Ростислав,Арсенович,1943-03-03,Нигерия
648,Тихонова,Людмила,Макаровна,1997-09-24,Молдавия
649,Горбунов,Назар,Феоктистович,1982-02-19,Япония
650,Сазонов,Твердислав,Ярославович,1923-07-28,Азербайджан
651,Зыков,Амос,Ефимьевич,2021-08-11,Босния и Герцеговина
652,Новикова,Еремей,Даниловна,1916-02-28,Габон
653,Воронцов,Ерофей,Ермилович,1939-10-21,Папуа
654,Степанова,Ананий,Кирилловна,1984-10-27,Монголия
655,Федорова,Ярополк,Данилович,1971-07-25,Сьерра-Леоне
656,Артемьева,Архип,Трифонович,1999-02-15,Тувалу
657,Симонов,Кира,Ярославович,2018-04-26,Непал
658,Гордеев,Валерий,Юльевич,1982-01-17,Швейцария
659,Русакова,Евстафий,Викторович,1975-11-04,Ямайка
660,Наумова,Севастьян,Вилорович,1952-06-16,Иран
661,Моисеев,Аркадий,Валентинович,1922-02-03,Гватемала
662,Капустин,Данила,Борисовна,1971-02-11,Чили
663,Титова,Стоян,Витальевич,1963-09-27,Андорра
664,Жукова,Максим,Григорьевна,2020-10-04,Суринам
665,Терентьев,Антонин,Геннадиевна,1981-07-04,Коста-Рика
666,Дорофеева,Валерьян,Рудольфовна,1907-10-26,Монголия
667,Цветков,Евгения,Станиславовна,1978-02-12,Гренада
668,Дмитриева,Лонгин,Адрианович,1994-03-21,Азербайджан
669,Виноградова,Леонид,Львовна,1922-03-02,Андорра
670,Шилова,Лука,Георгиевич,2009-02-01,Камерун
671,Панова,Эммануил,Якубович,1944-08-01,Аргентина
672,Миронова,Карл,Вилорович,2011-05-23,Катар
673,Титов,Ипатий,Григорьевич,2016-03-01,Колумбия
674,Большаков,Сидор,Глебович,1906-10-29,Демократическая Республика Конго
675,Якушева,Амвросий,Давидович,1958-10-21,Чад
676,Горшкова,Феликс,Олеговна,1945-01-03,Гаити
677,Владимирова,Порфирий,Эдуардович,1987-11-03,Суринам
678,Селиверстова,Вадим,Максимовна,1975-12-24,Тринидад и Тобаго
679,Исакова,Архип,Демьянович,1943-04-15,Германия
680,Соколова,Тамара,Антонович,1985-07-14,Ливия
681,Новиков,Фотий,Евсеевич,1915-03-16,Тринидад и Тобаго
682,Карпов,Елизар,Арсеньевич,2007-12-01,Кабо-Верде
683,Логинов,Наталья,Владленович,1954-05-04,Сомали
684,Молчанов,Аггей,Иосипович,2020-06-01,Австрия
685,Белозерова,Святополк,Даниилович,1971-09-08,Бангладеш
686,Кабанов,Кир,Владиславовна,1946-09-09,Болгария
687,Силин,Фортунат,Анатольевич,1952-10-24,Бразилия
688,Беляев,Клавдий,Дорофеевич,1996-03-17,Барбадос
689,Петров,Эраст,Бориславович,1912-05-19,Уругвай
690,Евдокимова,Автоном,Викторовна,1954-05-15,Монголия
691,Сидорова,Лариса,Дмитриевна,1947-12-12,Кирибати
692,Федотов,Модест,Аверьянович,2001-05-19,Ливия
693,Калинина,Будимир,Архиповна,1965-03-17,Монако
694,Калинин,Еремей,Евстигнеевич,1912-12-12,Буркина-Фасо
695,Афанасьева,Леон,Виленович,2005-06-29,Палау
696,Потапов,Якуб,Ааронович,1988-10-16,Швейцария
697,Сысоева,Потап,Ерофеевич,1958-11-05,Куба
698,Казакова,Радим,Ильясович,1921-10-24,Катар
699,Лебедева,Регина,Вениаминовна,2001-05-23,Афганистан
700,Горбачева,Оксана,Георгиевна,1913-09-14,Тувалу
701,Сафонов,Олимпий,Ефимовна,1970-11-12,Италия
702,Ширяев,Леонтий,Даниловна,2005-10-05,Судан
703,Галкин,Христофор,Феофанович,2009-07-20,Перу
704,Жукова,Галина,Аскольдовна,1918-02-03,Габон
705,Пахомова,Гостомысл,Аскольдовна,1908-05-11,Австралия
706,Воронова,Рубен,Дмитриевна,1944-12-15,Чад
707,Некрасов,Кузьма,Артемовна,1920-08-13,Ямайка
708,Авдеев,Вероника,Федотович,1973-09-15,Россия
709,Крюкова,Федор,Артемьевич,1927-06-27,Ямайка
710,Симонова,Прокофий,Иосифович,2006-10-17,Кувейт
711,Сорокин,Евфросиния,Евстигнеевич,1974-12-13,Туркмения
712,Афанасьева,Мина,Германович,1967-04-01,Таджикистан
713,Кириллова,Фёкла,Артемовна,1986-06-28,Аргентина
714,Туров,Элеонора,Гертрудович,1908-02-21,Гренада
715,Одинцов,Анастасия,Ивановна,2016-01-03,Иран
716,Ширяева,Назар,Яковлевна,1964-09-28,Восточный Тимор
717,Харитонова,Севастьян,Андреевна,1942-11-22,Эстония
718,Гущин,Радован,Тарасовна,1923-02-23,ЮАР
719,Михайлов,Поликарп,Сергеевна,1946-03-10,Боливия
720,Данилова,Лев,Ивановна,1909-07-18,Мавритания
721,Лазарев,Иван,Феодосьевич,1915-03-20,Польша
722,Орлова,Афанасий,Антоновна,1978-02-10,Аргентина
723,Доронина,Михей,Ярославович,1984-04-12,Ливан
724,Капустина,Измаил,Алексеевич,1939-01-24,Науру
725,Ермакова,Константин,Эдуардович,2013-02-10,Намибия
726,Тетерин,Гостомысл,Ильясович,2012-10-18,Норвегия
727,Шарова,Феофан,Львовна,1998-09-29,Габон
728,Владимиров,Иван,Харлампьевич,1974-09-15,Папуа
729,Журавлева,Давыд,Ефремович,2018-05-01,Чад
730,Волкова,Андроник,Демьянович,1978-05-06,Пакистан
731,Федоров,Анна,Адамович,1942-05-25,Бельгия
732,Соловьев,Панкрат,Натановна,2000-09-07,ЮАР
733,Козлов,Радован,Мироновна,1992-05-15,Мозамбик
734,Жданова,Зиновий,Аверьянович,1961-04-09,Бутан
735,Белова,Софон,Фадеевич,1933-11-04,Албания
736,Носов,Владислав,Денисович,2019-12-13,Ирландия
737,Лаврентьева,Рюрик,Алексеевич,2000-10-17,Доминика
738,Горшков,Чеслав,Рубеновна,1998-04-17,Антигуа и Барбуда
739,Миронов,Варфоломей,Аксёнович,1984-12-18,Гвинея
740,Крюкова,Эдуард,Максимовна,1925-10-02,Ирландия
741,Николаева,Милий,Вадимовна,1930-08-29,Узбекистан
742,Антонова,Яков,Артемьевич,1915-10-18,Камбоджа
743,Соколова,Кирилл,Тимурович,1984-02-05,Сан-Томе и Принсипи
744,Евдокимова,Наина,Васильевна,1919-12-16,Сальвадор
745,Мишин,Майя,Александровна,2017-12-19,Багамские Острова
746,Шестаков,Аникита,Аверьянович,1915-09-06,Эритрея
747,Григорьева,Кондрат,Владиленович,1959-04-05,Перу
748,Голубев,Марина,Григорьевич,2022-02-02,Сирия
749,Федотова,Радим,Эдгардович,1970-02-25,Азербайджан
750,Егоров,Касьян,Яковлевич,1923-03-10,Перу
751,Журавлева,Осип,Жанович,2017-09-27,Белиз
752,Воронцова,Дарья,Юльевич,1977-11-14,Иран
753,Щукин,Юрий,Валерьянович,1986-05-04,Центральноафриканская Республика
754,Егорова,Пимен,Еремеевич,1968-05-08,Израиль
755,Сафонов,Илья,Харлампьевич,1986-08-29,Коста-Рика
756,Веселова,Анна,Ивановна,1955-07-17,Буркина-Фасо
757,Муравьева,Варлаам,Рудольфовна,2016-03-30,Нидерланды
758,Гущина,Алина,Богдановна,1916-12-21,Колумбия
759,Дмитриева,Никон,Власович,1931-01-21,Бельгия
760,Лыткина,Валентин,Эдуардович,2022-01-26,Латвия
761,Шарапова,Никодим,Феофанович,1976-05-12,Руанда
762,Голубева,Евгения,Ильясович,1919-12-15,Республика Корея
763,Аксенова,Модест,Давыдович,1952-09-24,Гаити
764,Пономарева,Кузьма,Бенедиктович,2019-04-06,Ангола
765,Исакова,Владимир,Дмитриевич,1919-01-02,Эритрея
766,Калашников,Панкрат,Бориславович,1930-12-29,Грузия
767,Фадеева,Владимир,Степановна,1995-08-22,Ирландия
768,Капустина,Зосима,Егоровна,1947-04-07,Мальдивы
769,Пахомов,Давыд,Эдуардович,2018-09-20,ОАЭ
770,Маркова,Натан,Вячеславович,2018-04-11,Мальта
771,Туров,Трифон,Сергеевна,2008-12-26,Гвинея-Бисау
772,Крылов,Людмила,Фомич,1985-06-23,Эквадор
773,Емельянов,Ювеналий,Львовна,1945-07-03,Швейцария
774,Никифорова,Изот,Болеславовна,2017-08-09,Зимбабве
775,Голубев,Порфирий,Фокич,1959-04-11,Ботсвана
776,Большаков,Андроник,Святославовна,1941-03-06,Самоа
777,Гаврилова,Феофан,Дмитриевна,1931-04-04,Таджикистан
778,Блинов,Егор,Адамович,2011-06-01,Франция
779,Бурова,Панкрат,Руслановна,1913-08-29,Венесуэла
780,Елисеев,Давыд,Павловна,2006-12-21,Южный Судан
781,Федотова,Творимир,Владленович,1935-10-05,Гондурас
782,Петрова,Майя,Архипович,1984-12-16,Никарагуа
783,Фролов,Влас,Федосеевич,1995-05-21,Замбия
784,Беспалова,Елизавета,Архипович,1992-04-25,Сербия
785,Суворова,Глафира,Игнатович,1981-04-26,Ботсвана
786,Жукова,Авксентий,Афанасьевна,1912-06-14,Кения
787,Маркова,Дементий,Марсович,1968-04-04,Бразилия
788,Давыдова,Мир,Семеновна,2006-11-09,Австрия
789,Кириллова,Мариан,Гаврилович,1938-01-20,Австралия
790,Колобова,Ян,Владиславовна,1976-02-16,Кения
791,Сергеева,Юлия,Демидович,2001-01-16,Камерун
792,Логинова,Гурий,Анатольевич,1998-10-14,Китай
793,Рябова,Касьян,Вячеславовна,1913-02-26,Бутан
794,Елисеев,Всемил,Филатович,1931-07-14,Бангладеш
795,Гришин,Лаврентий,Богданович,2020-07-25,Намибия
796,Ильина,Радим,Матвеевна,1909-04-06,Фиджи
797,Туров,Богдан,Евгеньевна,1936-01-18,Бахрейн
798,Андреев,Панкратий,Венедиктович,1906-11-08,Кипр
799,Волков,Милица,Геннадиевна,1998-10-04,Тонга
800,Молчанов,Анастасия,Филимонович,1984-09-12,Непал
801,Блохина,Клавдия,Степановна,1973-10-10,Того
802,Мамонтова,Силантий,Ефимьевич,1986-05-11,Украина
803,Гордеев,Мирослав,Владиславовна,1925-07-13,ОАЭ
804,Дроздова,Зиновий,Егорович,1945-03-16,Канада
805,Шестакова,Касьян,Ааронович,1992-10-08,Фиджи
806,Селиверстов,Светозар,Ниловна,1967-06-05,Джибути
807,Куликова,Мирослав,Зиновьевич,1977-07-14,Бангладеш
808,Мартынова,Модест,Димитриевич,2000-01-18,Эквадор
809,Королев,Вышеслав,Харлампьевич,2014-05-05,Лихтенштейн
810,Баранов,Максим,Абрамович,1941-06-23,Антигуа и Барбуда
811,Исаева,Гостомысл,Геннадьевна,1972-08-10,Новая Зеландия
812,Петухова,Аверкий,Тимофеевна,1915-06-20,Ливан
813,Архипов,Авдей,Федоровна,1969-10-08,Эфиопия
814,Карпов,Натан,Аверьянович,1974-10-31,Кения
815,Маслова,Екатерина,Викторович,1909-11-03,Зимбабве
816,Белякова,Олимпиада,Жанович,2001-02-05,Австрия
817,Мясникова,Савватий,Юльевич,1977-11-06,Мали
818,Шарапова,Фотий,Филатович,2013-06-15,Эстония
819,Миронова,Галина,Артёмович,2018-11-30,Мальдивы
820,Филатов,Агафон,Германович,1977-10-02,Хорватия
821,Орехова,Ксения,Алексеевич,1923-12-27,Фиджи
822,Филатов,Никита,Архипович,1914-10-29,Андорра
823,Лихачева,Демид,Афанасьевич,1952-02-03,Бурунди
824,Егоров,Харлампий,Мироновна,1991-06-26,Молдавия
825,Козлов,Владислав,Викторовна,1947-06-01,Иордания
826,Хохлова,Захар,Харитонович,1915-04-08,Фиджи
827,Архипова,Федосий,Наумовна,1936-01-27,Турция
828,Сидорова,Леонтий,Артёмович,1921-12-08,Узбекистан
829,Маслова,Азарий,Викторовна,1950-11-04,Черногория
830,Шарапова,Федор,Ерофеевич,1963-12-13,Восточный Тимор
831,Емельянов,Анатолий,Эдуардович,1989-11-01,Черногория
832,Голубева,Павел,Ермолаевич,1912-10-12,Тонга
833,Блохин,Исай,Харитонович,1921-07-28,Кабо-Верде
834,Мартынов,Карл,Феликсович,2016-03-30,Израиль
835,Сысоева,Панкрат,Захарьевич,1934-08-18,Австрия
836,Филиппов,Константин,Степановна,1960-05-22,ОАЭ
837,Якушева,Максим,Гертрудович,1941-09-29,Польша
838,Ширяев,Олег,Ильинична,1997-07-22,Афганистан
839,Мартынов,Творимир,Даниилович,1947-04-03,Новая Зеландия
840,Воробьева,Феоктист,Федоровна,1960-10-16,Пакистан
841,Киселев,Артемий,Бориславович,2011-07-19,Иордания
842,Марков,Наина,Викторовна,1973-03-26,Марокко
843,Брагина,Фадей,Антонович,1986-02-25,Люксембург
844,Казаков,Порфирий,Юрьевна,1985-05-25,Гаити
845,Моисеева,Ипат,Геннадьевна,1935-06-17,Уругвай
846,Сидорова,Яков,Кузьминична,1955-07-10,Эритрея
847,Шаров,Дементий,Демьянович,1922-10-08,Лихтенштейн
848,Осипова,Ольга,Фадеевич,1960-09-06,Кипр
849,Артемьева,Юрий,Иларионович,2012-03-08,Сент-Винсент и Гренадины
850,Устинова,Моисей,Игоревич,1937-03-28,Финляндия
851,Захарова,Амвросий,Федосеевич,1908-11-29,Маврикий
852,Назарова,Гурий,Федоровна,1997-09-10,Мексика
853,Белоусова,Трофим,Рудольфовна,1986-04-24,Иордания
854,Гордеев,Фока,Игнатович,1987-12-16,Азербайджан
855,Стрелков,Севастьян,Брониславович,1942-12-22,Кот-д’Ивуар
856,Власова,Ефим,Игнатьевич,1938-02-14,Новая Зеландия
857,Крюкова,Давыд,Иларионович,2018-09-11,Багамские Острова
858,Никонов,Лука,Анатольевич,1926-05-17,Швейцария
859,Киселева,Таисия,Харлампович,1930-07-29,Армения
860,Смирнова,Остап,Кузьминична,1959-09-10,Парагвай
861,Шилова,Мина,Архипович,2022-06-12,Гвинея-Бисау
862,Колесников,Викентий,Арсенович,1980-07-05,Нидерланды
863,Смирнова,Аким,Ждановна,1965-11-14,Афганистан
864,Галкин,Софон,Григорьевна,1950-11-21,Азербайджан
865,Соловьева,Синклитикия,Эдуардовна,1961-12-12,Экваториальная Гвинея
866,Пономарев,Парамон,Устинович,1983-02-25,Непал
867,Жданов,Марина,Гордеевич,2013-07-06,Аргентина
868,Дмитриева,Еремей,Валерианович,1962-08-23,США
869,Брагин,Наина,Михайловна,2001-10-11,Йемен
870,Большаков,Будимир,Степановна,1915-12-06,Бутан
871,Ефимов,Гордей,Мироновна,1954-03-03,Саудовская Аравия
872,Гурьева,Иннокентий,Устинович,1992-03-12,Тонга
873,Сидоров,Лукия,Феликсовна,2009-02-06,Эритрея
874,Кулакова,Епифан,Авдеевич,2016-08-15,Румыния
875,Бурова,Сигизмунд,Феоктистович,1973-02-27,Румыния
876,Нестерова,Нинель,Евгеньевна,1916-11-28,Камбоджа
877,Гусев,Аверьян,Ермилович,2011-09-15,Словения
878,Никифоров,Антип,Германович,2011-10-08,Германия
879,Фомичева,Савва,Ефремович,1907-09-03,Ирак
880,Кириллова,Дарья,Филипповна,2000-03-13,Израиль
881,Сорокин,Лукия,Ивановна,1996-10-11,Пакистан
882,Петров,Эмиль,Леоновна,1954-03-19,Гайана
883,Копылов,Спартак,Валериевна,1922-05-23,Сингапур
884,Щербаков,Олимпиада,Валерьянович,1960-03-18,Камерун
885,Прохорова,Каллистрат,Фокич,2021-11-11,Сирия
886,Некрасова,Авдей,Юрьевна,1988-09-22,Гренада
887,Романова,Варвара,Исидорович,1995-05-17,Непал
888,Виноградов,Любомир,Валерьянович,2000-02-29,Киргизия
889,Лыткин,Пимен,Адамович,1999-07-30,Кот-д’Ивуар
890,Лобанов,Аггей,Викторовна,1951-03-30,Алжир
891,Романова,Дорофей,Мироновна,1945-07-04,Сент-Винсент и Гренадины
892,Лобанов,Фока,Харлампович,1989-06-13,Камбоджа
893,Романова,Полина,Ефимовна,1977-01-13,Литва
894,Павлова,Осип,Александрович,1925-12-26,Панама
895,Исаев,Филимон,Феоктистович,1968-04-09,Албания
896,Рябова,Евстигней,Эдуардович,1942-02-17,Центральноафриканская Республика
897,Котов,Эдуард,Авдеевич,1970-02-07,Германия
898,Агафонов,Александра,Валерьевич,1970-12-28,Йемен
899,Носкова,Софрон,Филатович,1933-05-06,Мексика
900,Гуляева,Евфросиния,Еремеевич,1961-03-16,Кот-д’Ивуар
901,Овчинников,Мирослав,Романовна,1983-04-18,Индия
902,Петухова,Тамара,Эдуардовна,2003-10-06,Венесуэла
903,Тарасова,Глеб,Гордеевич,2007-10-07,Гвинея
904,Уваров,Фаина,Андреевна,1926-09-25,Руанда
905,Филатов,Лука,Максимовна,1977-12-01,Танзания
906,Щербакова,Фока,Эльдаровна,1917-12-02,Лесото
907,Фадеева,Фома,Алексеевич,2013-04-14,Сент-Винсент и Гренадины
908,Егорова,Антонин,Рудольфовна,1929-02-19,Боливия
909,Кузьмина,Платон,Натановна,1950-08-05,Самоа
910,Авдеев,Валентина,Валентинович,1995-11-29,Эфиопия
911,Никитина,Пимен,Эльдаровна,1980-02-18,Габон
912,Авдеев,Константин,Харитоновна,1912-06-22,Антигуа и Барбуда
913,Игнатова,Лазарь,Иосифович,1929-02-25,Маврикий
914,Егоров,Аркадий,Константиновна,2012-01-13,Джибути
915,Архипов,Ерофей,Геннадьевна,1978-02-18,Украина
916,Некрасова,Селиверст,Ануфриевич,1958-01-26,Чехия
917,Никифорова,Самсон,Владимировна,1963-08-31,Израиль
918,Анисимов,Фёкла,Дорофеевич,1993-02-11,Гвинея-Бисау
919,Крюкова,Трифон,Ильинична,1918-09-28,США
920,Титов,Аверкий,Альбертовна,1972-06-13,Литва
921,Бобылева,Гостомысл,Трофимович,1980-08-21,Бенин
922,Брагин,Мария,Игнатович,2012-12-03,Либерия
923,Наумова,Марина,Леоновна,2000-03-28,Багамские Острова
924,Гущина,Кира,Рудольфовна,1954-11-04,Руанда
925,Сидоров,Ян,Владиленович,1985-06-04,Андорра
926,Ермаков,Эдуард,Геннадиевич,1917-10-30,Сан-Марино
927,Королев,Евпраксия,Феоктистович,1945-04-10,Эквадор
928,Исаков,Эммануил,Гертрудович,2009-12-25,Боливия
929,Суханов,Прокл,Харлампьевич,1939-01-31,Алжир
930,Фомин,Ирина,Артурович,1948-06-22,Гаити
931,Сидоров,Иван,Семеновна,1995-10-20,Сан-Томе и Принсипи
932,Федотова,Савелий,Иларионович,1951-06-01,Сан-Марино
933,Гусев,Алевтина,Петровна,1994-08-19,Сингапур
934,Моисеев,Доброслав,Фадеевич,1915-07-01,Армения
935,Власов,Глафира,Измаилович,2009-03-10,Гайана
936,Логинов,Петр,Валерианович,1938-05-25,Сомали
937,Васильев,Фома,Владиславович,1986-07-09,Словакия
938,Архипов,Казимир,Глебович,1924-12-10,Лесото
939,Абрамова,Парфен,Виленович,1908-12-28,Бангладеш
940,Прохорова,Ферапонт,Кузьминична,1987-06-26,Федеративные Штаты Микронезии
941,Чернова,Архип,Федоровна,2020-04-09,Фиджи
942,Лобанова,Потап,Харитонович,1907-01-13,Бутан
943,Воробьева,Панкратий,Кузьминична,1949-03-26,Украина
944,Ковалев,Лукия,Максимовна,1943-12-10,Гаити
945,Маслов,Спиридон,Максимовна,1953-07-29,Чад
946,Тарасов,Богдан,Филипповна,1921-07-24,Латвия
947,Шашков,Никодим,Геннадиевна,1910-11-09,Маршалловы Острова
948,Фокина,Ия,Адрианович,1952-02-27,Бразилия
949,Николаева,Ирина,Ильинична,1980-04-01,Северная Македония
950,Третьяков,Любомир,Львовна,1919-12-31,Гвинея-Бисау
951,Шубин,Модест,Харлампьевич,1952-06-29,Лесото
952,Филиппов,Гурий,Гертрудович,1940-06-28,Великобритания
953,Дорофеев,Алевтина,Даниловна,1954-10-04,Сингапур
954,Зимина,Фрол,Еремеевич,1939-10-14,Колумбия
955,Артемьев,Алла,Денисович,1976-01-16,Кабо-Верде
956,Турова,Артем,Архипович,2002-10-17,Гамбия
957,Соколов,Платон,Гордеевич,2012-11-21,Украина
958,Иванова,Игорь,Алексеевна,1910-10-17,Папуа
959,Кудряшов,Митофан,Аверьянович,1911-07-08,Антигуа и Барбуда
960,Гущина,Автоном,Абрамович,1908-03-27,Норвегия
961,Терентьев,Аникей,Игоревна,1986-12-21,Мьянма
962,Симонова,Евпраксия,Всеволодович,1966-10-15,Израиль
963,Суханова,Касьян,Кузьминична,2001-09-21,Бахрейн
964,Шилова,Онуфрий,Григорьевна,1916-11-08,Танзания
965,Красильников,Исидор,Вениаминовна,1921-07-11,Вануату
966,Беспалова,Владилен,Еремеевич,1981-02-15,Сальвадор
967,Николаева,Федот,Зиновьевич,1925-10-10,Федеративные Штаты Микронезии
968,Савельева,Тит,Ильич,1923-02-03,Франция
969,Баранова,Глеб,Аркадьевна,1961-08-10,Малави
970,Жуков,Ратмир,Эльдаровна,1933-11-14,Соломоновы Острова
971,Русакова,Никодим,Харитоновна,1907-09-19,Хорватия
972,Гущин,Нина,Виленович,2018-11-24,Монголия
973,Баранов,Вячеслав,Фролович,1942-03-27,Польша
974,Прохорова,Кир,Жанович,2006-03-28,Иордания
975,Воробьев,Федосий,Андреевна,2019-01-07,США
976,Кулагин,Марк,Аксёнович,1976-06-11,Танзания
977,Гордеев,Силантий,Михайловна,2005-09-13,Самоа
978,Сысоев,Арсений,Анисимович,1987-07-22,Аргентина
979,Кошелева,Евсей,Витальевич,1968-06-13,Вьетнам
980,Колесникова,Сильвестр,Артурович,1907-01-30,Турция
981,Комиссарова,Никон,Валентинович,1974-01-03,Либерия
982,Туров,Демьян,Ярославович,2007-10-26,Белоруссия
983,Васильева,Юрий,Яковлевна,1916-12-14,Либерия
984,Коновалова,Жанна,Евгеньевна,1931-11-08,Лесото
985,Некрасов,Никон,Арсеньевич,1923-11-21,Исландия
986,Казаков,Олимпиада,Михайловна,1912-04-16,Маршалловы Острова
987,Миронов,Ювеналий,Феофанович,2002-11-14,Камбоджа
988,Гуляев,Авдей,Харлампович,1996-09-03,Ливия
989,Мамонтова,Елизар,Валерианович,2018-09-27,Куба
990,Анисимова,Константин,Тарасович,1929-05-20,Южный Судан
991,Жуков,Ярослав,Демидович,1938-02-27,Тувалу
992,Артемьев,Будимир,Викентьевич,2022-03-26,Фиджи
993,Григорьева,Денис,Вячеславович,1909-11-06,Греция
994,Орехова,Онуфрий,Владиславовна,2019-04-07,Аргентина
995,Рогова,Дорофей,Афанасьевна,2009-04-05,Монако
996,Некрасов,Владимир,Геннадьевна,1954-06-19,Япония
997,Титова,Вероника,Якубович,1952-01-13,Суринам
998,Ермаков,Аскольд,Терентьевич,2011-12-10,Сальвадор
999,Баранов,Ян,Тимуровна,1939-03-07,Словения
1000,Егорова,Руслан,Вячеславович,1973-01-04,Словакия
