id,lastname,firstname,middlename,birthday,card_id
1,Васильева,Рубен,Леоновна,1960-05-18,Эквадор
2,Антонова,Ксения,Терентьевич,1978-11-02,Центральноафриканская Республика
3,Молчанова,Людмила,Захаровна,1980-03-10,Бруней
4,Баранов,Владилен,Эдуардовна,1953-07-08,Центральноафриканская Республика
5,Симонова,Станислав,Чеславович,2000-10-02,Азербайджан
6,Капустин,Мартьян,Феофанович,1970-03-16,Венгрия
7,Ширяева,Автоном,Феоктистович,1957-06-14,Маршалловы Острова
8,Шестакова,Борис,Феоктистович,2000-11-22,Сан-Томе и Принсипи
9,Селиверстов,Фока,Захарьевич,1992-12-11,Шри-Ланка
10,Фадеев,Поликарп,Эдуардович,1925-08-24,Гаити
11,Мухин,Руслан,Эльдаровна,1975-06-19,Мальдивы
12,Гордеев,Викторин,Фролович,1996-11-24,Кот-д’Ивуар
13,Петухов,Филипп,Львовна,2016-08-18,Бангладеш
14,Борисова,Светлана,Кирилловна,1955-11-20,Казахстан
15,Кононов,Александра,Германович,1995-05-12,Япония
16,Зуев,Любовь,Станиславовна,1961-12-14,Гаити
17,Беспалова,Степан,Яковлевна,1950-05-28,ОАЭ
18,Виноградов,Макар,Иларионович,1981-07-23,Танзания
19,Панова,Игорь,Юлианович,1953-03-07,Науру
20,Исакова,Алексей,Феодосьевич,2014-11-29,Марокко
21,Власов,Всемил,Давыдович,1997-04-07,Доминиканская Республика
22,Беляев,Варвара,Борисович,1959-12-26,Перу
23,Михеев,Аристарх,Даниилович,1995-08-10,Черногория
24,Анисимова,Аверкий,Демидович,1921-01-13,Нидерланды
25,Ларионова,Радим,Валерьянович,1999-01-05,Самоа
26,Сидорова,Ия,Фёдорович,1966-07-08,Республика Конго
27,Дьячков,Григорий,Давидович,1929-12-09,Сан-Томе и Принсипи
28,Капустин,Иванна,Оскаровна,1955-04-23,Шри-Ланка
29,Константинов,Вацлав,Викторович,1939-09-27,Лихтенштейн
30,Воронцов,Юлия,Харитонович,2000-04-16,Венесуэла
31,Гурьева,Стоян,Димитриевич,1973-01-28,Коста-Рика
32,Гаврилов,Лазарь,Тимофеевна,1970-03-16,Центральноафриканская Республика
33,Терентьева,Майя,Геннадиевна,1990-02-15,Марокко
34,Карпова,Давыд,Валерианович,2011-05-02,Коста-Рика
35,Шашков,Варвара,Ильясович,1951-01-24,Науру
36,Лобанова,Андроник,Аверьянович,1993-09-13,Хорватия
37,Гордеев,Варфоломей,Якубович,1954-11-20,Багамские Острова
38,Макарова,Сильвестр,Викторович,1911-06-27,Тунис
39,Шубина,Виктор,Феодосьевич,1997-05-11,Науру
40,Родионов,Савва,Тимуровна,2017-03-25,Таиланд
41,Зайцева,Эрнст,Захарьевич,1967-11-28,Маврикий
42,Алексеев,Эмилия,Степановна,1919-04-15,Италия
43,Михеев,Мокей,Артемовна,2002-04-24,Мальдивы
44,Уварова,Валентин,Герасимович,1920-01-19,Доминика
45,Киселев,Нина,Арсенович,1953-09-29,Чад
46,Савин,Михей,Ниловна,2007-03-30,Лаос
47,Фомичева,Галина,Валерианович,1945-03-08,Канада
48,Миронова,Евстафий,Даниловна,1935-10-01,Босния и Герцеговина
49,Кулаков,Фаина,Геннадьевна,1955-10-18,Буркина-Фасо
50,Блинова,Измаил,Болеславовна,1973-10-02,Соломоновы Острова
51,Сидоров,Серафим,Данилович,1987-02-12,Нидерланды
52,Наумов,Егор,Борисович,1908-12-20,Туркмения
53,Зуев,Потап,Евгеньевна,1999-02-02,Туркмения
54,Копылова,Август,Игоревич,1962-04-18,Россия
55,Копылов,Аскольд,Федоровна,1946-12-24,Габон
56,Тарасова,Клавдий,Олеговна,1982-02-03,Либерия
57,Михеева,София,Игнатьевич,1980-11-02,Исландия
58,Сергеева,Владислав,Глебович,2018-07-25,Кипр
59,Селиверстов,Галактион,Фадеевич,1941-03-21,Литва
60,Гордеева,Аркадий,Ефимьевич,1910-02-15,ОАЭ
61,Горбачев,Дмитрий,Иосифович,1993-07-21,Гвинея
62,Смирнова,Прокл,Яковлевна,1936-04-13,Сьерра-Леоне
63,Ильин,Филарет,Аксёнович,1999-06-10,Камерун
64,Гусева,Сергей,Валерьянович,1996-04-04,Республика Корея
65,Кириллова,Якуб,Вадимовна,1996-09-30,Республика Конго
66,Гаврилов,Феоктист,Августович,2009-04-29,Чехия
67,Филиппова,Лонгин,Жоресович,1960-10-10,США
68,Рябов,Борис,Тимофеевна,1962-10-06,Парагвай
69,Кошелев,Надежда,Артемовна,1953-09-04,Грузия
70,Владимирова,Климент,Юлианович,1923-07-24,Сальвадор
71,Крюков,Арсений,Артемьевич,1941-01-28,Венесуэла
72,Емельянова,Никифор,Яковлевич,1997-03-06,Португалия
73,Кондратьев,Анжелика,Викторовна,1933-12-29,ОАЭ
74,Турова,Эдуард,Антоновна,1923-11-03,Фиджи
75,Гущина,Сидор,Никифоровна,1977-03-07,Люксембург
76,Игнатов,Агафон,Харлампович,1989-12-19,Танзания
77,Чернов,Станимир,Анатольевна,1960-07-29,Андорра
78,Федосеева,Осип,Харлампович,2017-02-19,Лихтенштейн
79,Соболева,Никанор,Бориславович,1977-07-27,Демократическая Республика Конго
80,Фомина,Евфросиния,Романовна,1958-03-14,Вьетнам
81,Суханова,Корнил,Ефстафьевич,1918-10-08,Малайзия
82,Капустина,Тихон,Анатольевич,1967-11-02,Республика Конго
83,Юдин,Алла,Владимировна,1920-07-15,Норвегия
84,Кабанова,Орест,Герасимович,2001-11-07,Чехия
85,Корнилов,Селиверст,Марсович,1929-10-23,Палау
86,Савельева,Галактион,Филиппович,1966-08-06,Белоруссия
87,Игнатова,Синклитикия,Семеновна,1909-04-02,Венгрия
88,Котов,Андрей,Исидорович,1965-01-16,Мальдивы
89,Мухин,Всеволод,Натановна,2015-02-27,Египет
90,Мясников,Никифор,Оскаровна,1919-09-17,Латвия
91,Котов,Лаврентий,Кузьминична,1969-09-11,Сент-Китс и Невис
92,Громова,Милан,Яковлевна,2002-01-25,Кувейт
93,Колобов,Мина,Константиновна,1978-05-14,Шри-Ланка
94,Большакова,Маргарита,Измаилович,1987-03-08,Мали
95,Борисова,Трифон,Захарьевич,1961-07-01,Таджикистан
96,Козлов,Станислав,Елисеевич,1983-10-03,Экваториальная Гвинея
97,Петухов,Пелагея,Леоновна,1986-05-28,Филиппины
98,Дьячков,Эмиль,Артурович,1990-01-18,Чили
99,Богданов,Радислав,Ярославович,2005-08-14,Ангола
100,Русакова,Илья,Тихонович,1942-09-20,Чили
101,Гурьев,Наркис,Филимонович,2008-03-25,Мальдивы
102,Зуева,Феофан,Ермилович,1951-03-24,Мавритания
103,Романов,Ираклий,Федоровна,1911-05-27,Испания
104,Евсеев,Вадим,Валентинович,2000-01-30,Кения
105,Гурьева,Фома,Алексеевна,1955-08-28,Буркина-Фасо
106,Владимиров,Виссарион,Анатольевич,1953-01-01,Гаити
107,Сорокин,Милица,Дмитриевич,1926-01-14,Нигерия
108,Жуков,Викторин,Болеславовна,1985-02-26,Ангола
109,Михайлов,Силантий,Тарасович,1957-04-14,Индия
110,Зайцева,Эдуард,Андреевич,1940-03-09,Уганда
111,Наумова,Селиверст,Феоктистович,1968-02-14,Сан-Марино
112,Савина,Демьян,Ефстафьевич,1933-12-18,Коста-Рика
113,Артемьев,Ратибор,Марсович,1938-09-06,Андорра
114,Капустина,Мария,Ефремович,2001-09-23,Того
115,Козлова,Юлия,Аксёнович,1930-03-27,Лаос
116,Горбунов,Радован,Николаевна,1987-12-16,ЮАР
117,Петров,Лука,Дмитриевич,1934-03-12,Филиппины
118,Куликов,Анатолий,Георгиевич,1999-11-18,Федеративные Штаты Микронезии
119,Ковалева,Лукьян,Матвеевич,1958-05-17,Польша
120,Зуев,Ипат,Афанасьевна,1933-07-07,Кирибати
121,Журавлева,Панкратий,Егорович,2017-03-25,Черногория
122,Кононова,Сигизмунд,Глебович,1979-11-28,ЮАР
123,Назаров,Любовь,Тихонович,1928-03-06,Израиль
124,Григорьев,Исидор,Давыдович,1916-05-15,Исландия
125,Миронов,Владлен,Леоновна,2004-01-25,Бенин
126,Бирюков,Аггей,Юльевна,2001-04-04,Мексика
127,Гришина,Василиса,Эльдаровна,1932-08-09,Северная Македония
128,Якушева,Евсей,Леонидовна,1980-07-27,Бангладеш
129,Фролов,Елисей,Альбертовна,1986-01-01,Португалия
130,Воронов,Исай,Кузьминична,1951-10-15,Бахрейн
131,Анисимова,Харитон,Ефимовна,1919-04-03,Канада
132,Воронова,Владислав,Дмитриевна,1913-09-27,ОАЭ
133,Панова,Нинель,Юльевна,1941-06-13,Ангола
134,Тетерина,Ермолай,Богданович,1993-01-28,Республика Корея
135,Медведев,Пров,Кирилловна,1908-08-02,Катар
136,Денисова,Лидия,Сергеевна,1942-01-25,Бразилия
137,Доронина,Мирон,Владиленович,1924-09-07,Ирландия
138,Константинова,Всеслав,Тихонович,2002-08-13,Бурунди
139,Крылова,Раиса,Валериевна,2014-07-16,Демократическая Республика Конго
140,Цветкова,Никон,Егорович,1989-08-08,Словения
141,Исаева,Зиновий,Ааронович,1919-04-21,Россия
142,Горбачев,Вера,Герасимович,2009-01-07,Кения
143,Меркушев,Вышеслав,Адрианович,2001-03-02,Сирия
144,Родионова,Святослав,Харитоновна,1969-05-16,Сальвадор
145,Игнатьев,Феофан,Кирилловна,2015-07-31,Мадагаскар
146,Давыдов,Влас,Ярославович,1948-08-14,Чад
147,Воронова,Станимир,Афанасьевич,1993-11-01,Тринидад и Тобаго
148,Кошелев,Афиноген,Альбертовна,1929-01-22,Сент-Винсент и Гренадины
149,Дементьев,Галина,Изотович,1920-01-15,Пакистан
150,Зайцев,Потап,Викторовна,1986-06-16,Сенегал
151,Уварова,Никита,Валерьянович,2001-10-26,Никарагуа
152,Фокин,Евстафий,Владиленович,2009-03-25,Ирак
153,Мухина,Азарий,Захарьевич,1923-10-08,Тринидад и Тобаго
154,Большакова,Ким,Ефимьевич,1962-07-28,Грузия
155,Одинцова,Прокофий,Феликсович,1944-07-22,Сейшельские Острова
156,Сазонов,Эмиль,Вячеславовна,1961-07-21,Черногория
157,Громов,Эмилия,Богданович,1907-04-10,Сербия
158,Щербаков,Софон,Аверьянович,1994-01-04,Эквадор
159,Федосеев,Алла,Власович,2018-03-26,Доминика
160,Соболева,Чеслав,Аксёнович,1976-07-14,Камерун
161,Новикова,Корнил,Рудольфовна,2015-06-12,Турция
162,Блохина,Савва,Глебович,1935-06-21,Бразилия
163,Дроздов,Панкрат,Эдгардович,1916-10-18,Кот-д’Ивуар
164,Мартынова,Творимир,Елизарович,1953-06-19,Турция
165,Гущина,Мариан,Венедиктович,2011-05-12,Андорра
166,Ершов,Юлий,Максимовна,1930-05-04,Монако
167,Вишняков,Серафим,Филипповна,2002-09-03,Белиз
168,Колесникова,Лавр,Гордеевич,1973-11-07,Латвия
169,Быкова,Пелагея,Адрианович,1913-05-11,Бурунди
170,Федосеев,Ульян,Максимовна,1949-01-06,Маврикий
171,Федорова,Игнатий,Афанасьевна,1976-08-08,Узбекистан
172,Ковалева,Ипатий,Исидорович,1977-10-03,Израиль
173,Анисимов,Викторин,Владиленович,1972-04-18,Гвинея-Бисау
174,Иванова,Леонид,Ивановна,1945-03-05,Палау
175,Петухова,Олег,Васильевич,1924-08-08,Австралия
176,Авдеев,Денис,Харлампьевич,2022-05-26,Ирак
177,Белова,Роман,Еремеевич,1974-11-24,Науру
178,Фадеева,Вацлав,Кирилловна,2017-01-16,Экваториальная Гвинея
179,Давыдов,Фирс,Тимурович,2014-07-01,Гватемала
180,Логинова,Ермил,Геннадиевна,1995-07-15,Сербия
181,Суворова,Виссарион,Макаровна,1910-12-25,Киргизия
182,Буров,Тимофей,Ярославович,1923-06-24,Португалия
183,Сазонов,Александр,Всеволодович,2000-11-23,Армения
184,Богданов,Сократ,Наумовна,1986-08-25,Республика Корея
185,Капустина,Пелагея,Даниилович,1929-01-25,Мексика
186,Тимофеева,Филимон,Елисеевич,1985-01-27,Нидерланды
187,Русаков,Ксения,Викторович,1912-03-01,Габон
188,Игнатьев,Януарий,Дорофеевич,1973-12-08,Уругвай
189,Галкин,Денис,Рубеновна,2000-02-21,Федеративные Штаты Микронезии
190,Суханов,Дементий,Леонидовна,1963-01-22,Сенегал
191,Рябова,Мариан,Алексеевна,1978-08-02,Республика Конго
192,Агафонов,Лариса,Гаврилович,1914-03-15,Малайзия
193,Ермаков,Антип,Феодосьевич,1988-09-27,Барбадос
194,Владимирова,Карл,Евгеньевна,1993-03-07,Маврикий
195,Волкова,Ерофей,Гавриилович,1910-07-31,Афганистан
196,Зиновьев,Ермил,Яковлевич,2009-07-26,Тунис
197,Туров,Всеволод,Святославовна,1936-05-08,Маршалловы Острова
198,Кошелева,Юлиан,Афанасьевна,1954-04-03,Сейшельские Острова
199,Фомичев,Александра,Сергеевна,1960-08-18,Лаос
200,Смирнова,Лаврентий,Ермилович,2005-11-01,Бурунди
201,Никонов,Фотий,Ярославович,2009-08-21,Коморы
202,Силина,Лариса,Иосипович,1945-07-31,Литва
203,Мясникова,Любим,Рудольфовна,1973-07-25,Бурунди
204,Третьякова,Бронислав,Феликсович,1910-01-06,Румыния
205,Соловьев,Аверьян,Романовна,1978-04-26,Иордания
206,Тихонов,Артемий,Федотович,1988-03-22,Ямайка
207,Миронов,Надежда,Руслановна,1923-02-26,Зимбабве
208,Савина,Фотий,Леоновна,1974-12-18,Португалия
209,Колобов,Яков,Аскольдовна,2004-12-14,Вануату
210,Попова,Эммануил,Еремеевич,1986-09-10,Израиль
211,Носова,Евстигней,Фролович,1961-05-13,Египет
212,Ефремова,Влас,Викентьевич,1907-01-19,Литва
213,Симонов,Касьян,Андреевич,1977-08-21,Киргизия
214,Кулагин,Галактион,Тихонович,1978-09-07,Уганда
215,Галкина,Вышеслав,Макаровна,2003-12-31,Албания
216,Жуков,Наталья,Ермилович,2017-04-11,Того
217,Бобылев,Феликс,Вадимовна,2018-07-12,Сан-Марино
218,Павлова,Ян,Альбертовна,1915-03-13,Гвинея
219,Селезнева,Август,Робертовна,1965-05-26,Буркина-Фасо
220,Горшкова,Иннокентий,Александровна,1970-08-29,Мали
221,Комиссаров,Карл,Филатович,1958-02-11,Япония
222,Самсонов,Корнил,Давидович,1933-02-01,Судан
223,Суворов,Варвара,Кузьминична,1940-01-13,Камбоджа
224,Нестеров,Родион,Тарасовна,1969-09-30,Экваториальная Гвинея
225,Александрова,Галактион,Юльевич,2003-10-22,Кот-д’Ивуар
226,Якушев,Ким,Яковлевич,2005-11-15,Эстония
227,Коновалов,Рубен,Фролович,1979-06-29,Восточный Тимор
228,Осипов,Василий,Дорофеевич,1979-07-01,Оман
229,Киселев,Лора,Аксёнович,1958-04-22,Польша
230,Куликов,Зосима,Герасимович,2007-04-13,Сьерра-Леоне
231,Селезнева,Вероника,Артемовна,1994-02-07,Того
232,Абрамова,Фадей,Брониславович,1987-09-06,Оман
233,Симонов,Антонин,Валерианович,1959-02-07,Эквадор
234,Капустина,Панкрат,Анатольевич,1984-03-31,Коморы
235,Комарова,Трофим,Алексеевна,1940-04-26,Парагвай
236,Цветков,Ульян,Антипович,2015-09-30,Пакистан
237,Агафонова,Кира,Кузьминична,1996-03-20,Уганда
238,Павлова,Василиса,Васильевич,1958-01-01,Швеция
239,Гаврилов,Митофан,Витальевич,1907-01-26,Марокко
240,Зимин,Сила,Георгиевич,1986-12-16,Сирия
241,Александрова,Фадей,Эльдаровна,1969-08-06,Люксембург
242,Потапова,Олимпий,Филатович,1953-08-23,Маврикий
243,Одинцов,Прокофий,Григорьевна,1940-01-28,Чад
244,Агафонова,Ираида,Тимурович,1926-08-15,Исландия
245,Субботин,Зинаида,Болеславовна,1938-03-18,Кот-д’Ивуар
246,Симонова,Орест,Константиновна,1963-07-23,Эфиопия
247,Панфилов,Зосима,Денисович,1936-09-29,Израиль
248,Зиновьев,Ратибор,Владиленович,1913-06-30,Тунис
249,Гурьева,Николай,Андреевна,2017-04-28,Коморы
250,Вишняков,Ермил,Вячеславович,1965-11-12,Эритрея
251,Субботин,Таисия,Евстигнеевич,1941-01-30,Греция
252,Калинин,Евфросиния,Степановна,1956-08-09,Бурунди
253,Игнатов,Михаил,Евстигнеевич,1923-09-15,Кувейт
254,Меркушев,Иосиф,Артемьевич,1944-10-27,Вануату
255,Беляков,Майя,Феликсовна,1945-12-01,Люксембург
256,Шилова,Гостомысл,Константиновна,1966-03-08,Куба
257,Бирюков,Иннокентий,Борисович,1940-01-20,Египет
258,Егорова,Фома,Анисимович,1977-05-04,Куба
259,Андреева,Ратибор,Витальевич,2003-02-05,Сенегал
260,Логинов,Кир,Леоновна,2007-05-06,Колумбия
261,Антонов,Регина,Измаилович,1951-10-01,Маршалловы Острова
262,Вишняков,Надежда,Ермилович,1978-06-16,Либерия
263,Комарова,Михей,Валериевна,1989-12-23,Ливан
264,Ширяева,Владлен,Власович,1972-12-30,Бангладеш
265,Исаев,Ерофей,Харлампьевич,1928-06-20,Мали
266,Кудряшова,Сократ,Святославовна,1946-08-18,Гамбия
267,Колобова,Дементий,Феодосьевич,1913-01-11,Кабо-Верде
268,Дмитриев,Пелагея,Антипович,2004-11-22,Кабо-Верде
269,Орехов,Аполлинарий,Александровна,1997-03-26,Испания
270,Казаков,София,Семеновна,1998-05-12,Мальта
271,Красильников,Артем,Иосифович,1971-06-19,Индия
272,Захаров,Алевтина,Тарасовна,2008-03-14,Сенегал
273,Мишин,Фока,Харламович,1973-12-03,Япония
274,Голубев,Болеслав,Жоресович,1988-12-21,Кувейт
275,Коновалов,Борислав,Григорьевна,1937-09-25,Куба
276,Гришина,Тимур,Мироновна,1961-06-16,Колумбия
277,Мишина,Сократ,Леоновна,1925-08-27,Черногория
278,Соколова,Иосиф,Мироновна,1930-12-01,Нидерланды
279,Ларионова,Мир,Борисович,2013-08-17,Тонга
280,Пестова,Спартак,Анатольевич,1972-02-02,Бангладеш
281,Фомичева,Анна,Евгеньевна,1946-07-04,Канада
282,Новикова,Никита,Матвеевна,1918-09-22,Гаити
283,Комиссаров,Карп,Валентиновна,1994-07-23,Кения
284,Быков,Елизавета,Адамович,1951-06-03,Италия
285,Николаев,Иларион,Феофанович,1987-03-18,Шри-Ланка
286,Абрамова,Агап,Богдановна,1973-06-08,Польша
287,Третьяков,Милан,Рудольфовна,1908-09-20,Панама
288,Боброва,Капитон,Гавриилович,1907-08-11,ОАЭ
289,Гришина,Ладислав,Ануфриевич,2007-03-15,Сомали
290,Ильин,Кондрат,Фролович,1992-06-09,Лихтенштейн
291,Мартынов,Варлаам,Виленович,1906-11-25,Сейшельские Острова
292,Туров,Константин,Валериевна,2011-12-10,Венгрия
293,Комаров,Оксана,Фадеевич,1953-11-26,Тунис
294,Самойлов,Доброслав,Денисович,1909-06-09,Кувейт
295,Костина,Ферапонт,Ефимович,1934-04-10,Филиппины
296,Костин,Майя,Федотович,1922-08-03,Азербайджан
297,Воронов,Зосима,Венедиктович,1953-03-05,Италия
298,Быков,Мирослав,Андреевна,1972-10-06,ЮАР
299,Фомин,Ипатий,Борисовна,1938-05-19,Того
300,Яковлева,Евфросиния,Филипповна,1958-09-25,Кипр
301,Некрасов,Жанна,Адамович,1982-05-20,Барбадос
302,Андреева,Фома,Александрович,1991-09-26,Северная Македония
303,Комиссарова,Радим,Измаилович,1985-05-12,ОАЭ
304,Васильев,Родион,Владимировна,2004-05-25,Джибути
305,Павлова,Клавдий,Владиленович,1956-03-18,Гватемала
306,Крюкова,Порфирий,Устинович,1966-02-22,Уругвай
307,Зуев,Стоян,Данилович,2005-11-06,Ангола
308,Фокин,Ким,Владиславович,1949-09-26,Маршалловы Острова
309,Игнатьева,Панкратий,Марсович,1991-04-12,Малайзия
310,Егорова,Влас,Ефстафьевич,2010-02-18,Сент-Винсент и Гренадины
311,Стрелкова,Фока,Даниилович,1984-08-02,Марокко
312,Игнатова,Якуб,Гурьевич,1968-08-18,Намибия
313,Моисеева,Ювеналий,Федоровна,1991-08-08,Австралия
314,Елисеев,Ферапонт,Игоревич,2008-10-05,Эфиопия
315,Сазонова,Пантелеймон,Петровна,1997-07-28,Гайана
316,Кудрявцева,Мокей,Васильевна,1915-06-26,Барбадос
317,Муравьева,Ольга,Сергеевна,1977-03-23,Эфиопия
318,Фокин,Гордей,Якубович,1949-02-23,Словения
319,Доронина,Ангелина,Семеновна,1929-06-13,Таджикистан
320,Васильев,Станислав,Эльдаровна,2022-09-10,Мальта
321,Гордеев,Нонна,Владленович,1935-11-27,Вьетнам
322,Доронина,Измаил,Никифоровна,1977-03-08,Мексика
323,Игнатов,Валентина,Денисович,1952-10-03,Танзания
324,Кудрявцева,Аверьян,Гавриилович,1996-05-24,Норвегия
325,Мясникова,Радим,Дмитриевич,1955-11-15,Эсватини
326,Галкина,Панкратий,Тимофеевна,1981-02-25,Палау
327,Кузьмин,Карп,Данилович,1972-08-11,Бруней
328,Анисимова,Иннокентий,Львовна,1923-03-18,Нидерланды
329,Капустин,Семен,Георгиевич,1928-01-16,Сьерра-Леоне
330,Евдокимов,Епифан,Викторовна,1949-09-04,Новая Зеландия
331,Князева,Панкрат,Даниилович,1984-10-06,Камерун
332,Сергеева,Еремей,Петровна,1919-07-26,Марокко
333,Дорофеева,Анна,Никифоровна,2003-06-14,Люксембург
334,Уваров,Митофан,Владиленович,2015-09-04,Ливия
335,Громов,Симон,Вилорович,1925-11-11,Чили
336,Чернов,Фаина,Ниловна,1908-01-13,Испания
337,Борисова,Арефий,Ярославович,1918-09-30,Марокко
338,Родионов,Зосима,Гавриилович,1999-07-19,Афганистан
339,Карпов,Артем,Трофимович,1970-02-18,Доминиканская Республика
340,Киселев,Елизар,Игоревич,1973-08-18,Сербия
341,Никитин,Онуфрий,Вячеславович,1963-07-05,Нидерланды
342,Семенова,Леонтий,Гаврилович,2003-11-09,Чили
343,Белозерова,Федосий,Адрианович,2022-04-13,Эстония
344,Стрелков,Епифан,Эльдаровна,1986-04-17,Япония
345,Гущина,Фирс,Давидович,1933-06-27,Ботсвана
346,Зимина,Самуил,Елизарович,1963-10-01,Мали
347,Трофимов,Мир,Юрьевна,2021-03-30,Кирибати
348,Федотова,Любомир,Валентиновна,1920-05-16,Латвия
349,Селезнева,Самуил,Фомич,1982-05-05,Боливия
350,Нестерова,Будимир,Антипович,1987-06-12,Азербайджан
351,Воронцов,Владлен,Семеновна,1941-11-12,Исландия
352,Антонов,Варвара,Леонидовна,1931-11-12,Египет
353,Артемьев,Ксения,Глебович,1922-08-14,Антигуа и Барбуда
354,Гусев,Мария,Егоровна,2000-06-09,Сомали
355,Гаврилова,Ермил,Валентинович,1909-06-21,Кипр
356,Фролова,Юлий,Феликсовна,1961-12-30,Монголия
357,Юдин,Эммануил,Феликсович,2001-10-15,Великобритания
358,Горшков,Яков,Рудольфовна,1952-03-23,Палау
359,Алексеева,Всеслав,Данилович,1961-11-28,Парагвай
360,Сазонов,Прокофий,Юлианович,1952-05-04,Финляндия
361,Кабанова,Артемий,Яковлевич,1955-11-27,Джибути
362,Соловьева,Станимир,Геннадиевич,2003-12-02,Федеративные Штаты Микронезии
363,Аксенов,Велимир,Аркадьевна,2003-10-13,Бахрейн
364,Третьяков,Ярослав,Валерьянович,1932-09-08,Исландия
365,Гурьева,Самсон,Валентиновна,1984-12-17,Узбекистан
366,Белова,Захар,Теймуразович,1971-12-25,Эфиопия
367,Субботин,Иннокентий,Ермолаевич,1936-01-10,Зимбабве
368,Королев,Леон,Филимонович,1998-02-10,Судан
369,Гущин,Корнил,Теймуразович,1998-02-05,Сан-Томе и Принсипи
370,Крюкова,Валерьян,Харитонович,2006-10-25,Испания
371,Ефремов,Святополк,Эдгардович,1926-02-09,Франция
372,Бобров,Климент,Фомич,1999-06-27,Нигерия
373,Киселева,Януарий,Станиславовна,2002-11-03,Япония
374,Лебедева,Сильвестр,Сергеевна,1924-03-17,Камбоджа
375,Александров,Михаил,Тимурович,2003-01-25,Норвегия
376,Воронцова,Порфирий,Семеновна,1982-07-06,Непал
377,Алексеев,Добромысл,Олеговна,1951-04-26,Казахстан
378,Суворова,Владилен,Германович,1998-06-22,Аргентина
379,Филиппова,Терентий,Кузьминична,1909-02-01,Марокко
380,Иванова,Изот,Витальевич,2008-12-14,Сан-Марино
381,Сидорова,Федот,Григорьевна,1979-08-28,Черногория
382,Герасимова,Дарья,Давидович,1997-01-04,Сьерра-Леоне
383,Буров,Сидор,Богдановна,1978-02-14,Великобритания
384,Лапин,Кондратий,Иларионович,1970-08-16,Мавритания
385,Боброва,Синклитикия,Яковлевич,2000-06-17,Тонга
386,Щукин,Аристарх,Жоресович,1986-12-14,Канада
387,Третьяков,Наркис,Николаевна,2016-09-02,Алжир
388,Харитонова,Роман,Вячеславович,1953-04-23,Германия
389,Гордеева,Оксана,Захаровна,1986-04-13,Бенин
390,Соболев,Серафим,Анатольевна,1993-12-17,Эсватини
391,Зуев,Пантелеймон,Тарасовна,1990-08-28,Ботсвана
392,Кабанов,Болеслав,Анатольевна,1910-07-21,Латвия
393,Лыткин,Сигизмунд,Гертрудович,1992-03-06,Греция
394,Никифорова,Дмитрий,Вячеславовна,1983-05-03,Черногория
395,Кононов,Никон,Исидорович,1968-03-20,Мексика
396,Вишнякова,Аггей,Афанасьевич,1975-07-02,Мьянма
397,Борисова,Кондрат,Жанович,1957-05-20,Польша
398,Ефремов,Наина,Жоресович,2000-02-16,Эстония
399,Шестакова,Агафья,Трофимович,1971-08-28,Россия
400,Калашников,Остромир,Руслановна,1909-08-26,Мозамбик
401,Никифорова,Святослав,Валерьевич,1995-03-08,Руанда
402,Дмитриев,Епифан,Рудольфовна,2005-07-16,Словакия
403,Прохорова,Феврония,Феодосьевич,1956-10-11,Гвинея-Бисау
404,Афанасьева,Максим,Бориславович,1908-11-07,Замбия
405,Романов,Феврония,Арсеньевич,1928-08-05,КНДР
406,Елисеева,Ипполит,Богдановна,1958-03-19,Эквадор
407,Ермакова,Пахом,Венедиктович,1981-04-30,Венгрия
408,Лаврентьев,Антонин,Харлампьевич,1992-04-12,Буркина-Фасо
409,Федорова,Ким,Даниилович,1997-09-09,Ботсвана
410,Максимова,Сильвестр,Гаврилович,1916-05-20,Болгария
411,Симонов,Никандр,Федосеевич,1952-01-04,Сербия
412,Шаров,Наркис,Бориславович,1932-06-01,Австрия
413,Мельников,Авдей,Захаровна,2011-11-05,Либерия
414,Соловьева,Аверьян,Бориславович,1919-07-09,Чили
415,Потапов,Гордей,Ильич,1978-10-06,Шри-Ланка
416,Андреев,Галактион,Якубович,1986-04-26,Франция
417,Королева,Анисим,Измаилович,1926-03-28,Боливия
418,Селезнева,Мартын,Гертрудович,1939-08-25,Андорра
419,Денисова,Самсон,Алексеевна,1917-07-07,Иордания
420,Шарапова,Устин,Федосьевич,1925-03-20,Казахстан
421,Дьячков,Аверьян,Аскольдовна,2011-05-26,Коморы
422,Крылов,Ипполит,Борисовна,2010-06-07,Австрия
423,Шестакова,Сергей,Брониславович,1918-12-03,Таджикистан
424,Лаврентьева,Иларион,Брониславович,1996-11-25,Тунис
425,Козлова,Регина,Богдановна,1982-03-11,Панама
426,Шашкова,Борислав,Игоревич,1976-11-03,США
427,Алексеева,Григорий,Львовна,1934-12-10,Науру
428,Рогова,Ангелина,Владленович,1965-05-14,Соломоновы Острова
429,Осипов,Кузьма,Ярославович,1992-05-18,Бразилия
430,Коновалова,Данила,Ерофеевич,1997-06-19,Восточный Тимор
431,Суворов,Дементий,Анисимович,1984-09-14,Танзания
432,Александрова,Лев,Игнатьевич,1989-12-07,Науру
433,Дроздова,Екатерина,Даниилович,2004-07-03,Папуа
434,Николаев,Любим,Михайловна,1944-11-23,Малави
435,Попов,Ким,Васильевна,1987-01-18,Норвегия
436,Дорофеев,Анжелика,Ануфриевич,1958-05-27,Филиппины
437,Никонов,Владислав,Гаврилович,2019-05-02,Сан-Марино
438,Васильев,Натан,Антонович,1952-12-27,Республика Конго
439,Носкова,Богдан,Руслановна,1979-04-25,Панама
440,Пахомов,Мариан,Вячеславовна,1938-12-10,Ямайка
441,Хохлова,Валентин,Гордеевич,1934-03-11,Руанда
442,Костин,Валентина,Тимурович,1995-03-13,Восточный Тимор
443,Терентьева,Иларион,Артурович,1913-05-26,Украина
444,Авдеев,Орест,Терентьевич,1938-03-19,Словения
445,Хохлова,Мокей,Германович,1908-10-07,Либерия
446,Волкова,Никанор,Фёдорович,1923-12-12,Центральноафриканская Республика
447,Алексеева,Артемий,Феликсовна,1932-11-28,Катар
448,Миронова,Афиноген,Юльевна,1999-02-25,Кувейт
449,Кудрявцев,Софрон,Авдеевич,1914-10-13,Венгрия
450,Борисова,Аникита,Вениаминовна,1927-11-18,Мали
451,Шарапов,Марфа,Германович,1986-10-05,Бруней
452,Жданов,Лавр,Ниловна,1989-03-27,Катар
453,Самойлов,Тит,Алексеевич,1962-02-03,ЮАР
454,Исаев,Флорентин,Харлампьевич,2017-09-19,Северная Македония
455,Соловьев,Зосима,Харлампьевич,1947-11-04,Грузия
456,Константинов,Феликс,Викторович,2006-05-05,Оман
457,Алексеев,Аполлинарий,Захаровна,1984-05-13,Сенегал
458,Гущин,Филимон,Геннадиевна,1994-12-14,Эритрея
459,Богданова,Виктор,Афанасьевич,1970-06-22,Босния и Герцеговина
460,Белов,Валерий,Филимонович,1932-01-17,Бенин
461,Симонова,Герасим,Викентьевич,1920-01-02,Непал
462,Рыбаков,Боян,Артемовна,1956-08-29,Ливия
463,Терентьев,Артемий,Геннадиевич,2016-05-22,Республика Конго
464,Владимиров,Милица,Терентьевич,2021-05-01,Мальта
465,Кудряшов,Гедеон,Ефимьевич,1972-12-10,Бурунди
466,Давыдов,Никодим,Архипович,1918-12-11,Турция
467,Чернова,Филипп,Александровна,1981-01-01,Ямайка
468,Агафонов,Ефрем,Гертрудович,1993-02-11,Камерун
469,Лапина,Анжела,Артемьевич,1929-04-22,Тувалу
470,Голубева,Арсений,Якубович,2007-05-11,Нидерланды
471,Рыбакова,Спиридон,Фёдорович,1947-01-29,Палау
472,Орлова,Юлиан,Павловна,1999-04-03,Франция
473,Ефремова,Маргарита,Фёдорович,1958-12-18,Чад
474,Андреев,Пров,Максимовна,1992-10-11,Габон
475,Савельева,Мартын,Романовна,1995-02-28,Мали
476,Молчанова,Адриан,Аксёнович,1907-01-10,Сейшельские Острова
477,Щукина,Самсон,Робертовна,1978-11-14,Япония
478,Кузнецов,Элеонора,Александровна,1945-02-22,Оман
479,Киселева,Адриан,Вячеславович,1945-11-16,Пакистан
480,Горбачева,Остромир,Богданович,1944-08-05,Коморы
481,Власова,Лидия,Александрович,2014-05-31,Молдавия
482,Котов,Спиридон,Феофанович,1967-11-05,Сент-Винсент и Гренадины
483,Кондратьева,Феликс,Захарьевич,1929-04-27,Кот-д’Ивуар
484,Панфилова,Фома,Ярославович,1934-04-12,Малави
485,Стрелков,Евфросиния,Дорофеевич,1943-08-18,ОАЭ
486,Беляева,Панкрат,Ильич,1931-05-28,Россия
487,Миронов,Евпраксия,Валентинович,1986-03-27,Мальта
488,Панов,Виссарион,Эдуардовна,1933-04-08,Португалия
489,Капустин,Фортунат,Исидорович,1986-04-11,Индия
490,Кудряшов,Феоктист,Филимонович,1984-12-19,США
491,Кузьмина,Ким,Робертовна,1923-04-16,Бутан
492,Зайцева,Будимир,Егорович,2020-09-15,Нидерланды
493,Киселева,Георгий,Дорофеевич,2001-11-08,Ботсвана
494,Петров,Таисия,Борисовна,1981-04-01,Гватемала
495,Беспалов,Эмиль,Ерофеевич,1958-06-22,Узбекистан
496,Брагина,Юрий,Богданович,1991-12-07,Узбекистан
497,Власова,Аггей,Терентьевич,1970-05-05,Уганда
498,Зиновьев,Аким,Леоновна,2008-09-12,Бразилия
499,Савина,Всеволод,Дмитриевич,2008-06-17,Руанда
500,Вишняков,Терентий,Владимировна,2014-09-21,Аргентина
501,Самойлов,Лора,Давыдович,1986-03-25,Эритрея
502,Овчинников,Тимофей,Александрович,2002-04-30,Ирландия
503,Гусев,Остап,Вениаминовна,1965-05-19,Израиль
504,Стрелков,Лонгин,Ефимовна,1925-01-28,Гондурас
505,Зыкова,Григорий,Яковлевич,1982-01-16,Гвинея
506,Веселов,Аристарх,Иосифович,1982-02-28,Босния и Герцеговина
507,Горшков,Корнил,Болеславовна,1985-09-12,Франция
508,Новиков,Доброслав,Арсеньевич,2007-01-25,Ирландия
509,Белозерова,Пелагея,Васильевна,2021-08-04,Чехия
510,Князев,Соломон,Сергеевна,1992-12-08,Намибия
511,Суханова,Осип,Филимонович,1984-04-16,Гренада
512,Воронов,Пелагея,Викторович,1956-09-30,Кения
513,Комарова,Константин,Арсенович,2018-04-16,Куба
514,Смирнова,Мартьян,Филипповна,1907-04-11,Венесуэла
515,Дьячкова,Потап,Аверьянович,1996-02-03,Таиланд
516,Анисимова,Савватий,Владимировна,1922-04-19,Доминика
517,Мартынова,Агафья,Макаровна,1999-04-08,Куба
518,Павлова,Платон,Эдгардович,1965-10-04,Боливия
519,Шубин,Адриан,Рубеновна,2008-04-23,Швеция
520,Горбунова,Тимур,Архипович,1989-08-26,Науру
521,Фомина,Фёкла,Матвеевич,1992-08-16,Науру
522,Галкин,Ираида,Демьянович,1920-01-24,Ливан
523,Мамонтов,Симон,Семеновна,1923-01-19,Малави
524,Ермакова,Святополк,Николаевна,2001-06-23,Суринам
525,Архипов,Аникита,Елизарович,1936-12-05,Индонезия
526,Алексеев,Леон,Ниловна,2011-06-27,Белиз
527,Якушева,Арсений,Андреевна,1956-06-05,Белиз
528,Суворова,Орест,Андреевна,1910-08-01,Мозамбик
529,Быков,Капитон,Егоровна,1990-01-26,Габон
530,Белов,Регина,Устинович,1927-11-11,Сальвадор
531,Пестова,Оксана,Сергеевна,1973-09-28,Куба
532,Красильников,Селиверст,Евгеньевна,1926-12-12,Непал
533,Самойлов,Емельян,Леонидовна,1925-04-18,Филиппины
534,Максимова,Панкратий,Федоровна,1994-01-14,Афганистан
535,Лихачев,Антонина,Аверьянович,1956-12-07,Доминиканская Республика
536,Игнатова,Лора,Дмитриевич,1921-02-07,Экваториальная Гвинея
537,Зиновьева,Наталья,Викторовна,1977-06-07,Йемен
538,Аксенов,Богдан,Владимировна,1931-10-03,Казахстан
539,Савельев,Милица,Вадимовна,1935-05-02,Мексика
540,Овчинникова,Кирилл,Артурович,1959-08-25,Белоруссия
541,Белозерова,Яков,Яковлевич,1908-08-21,Люксембург
542,Киселев,Савва,Рудольфовна,1964-09-09,Ливия
543,Назарова,Онуфрий,Матвеевна,1925-11-08,Бельгия
544,Сысоева,Модест,Егорович,2007-01-16,Суринам
545,Панова,Орест,Тимурович,1953-09-24,Доминиканская Республика
546,Романов,Андрей,Архипович,1996-10-27,Судан
547,Харитонов,Евфросиния,Ильич,1914-07-27,Сент-Китс и Невис
548,Зыков,Лукьян,Валериевна,1947-03-21,Болгария
549,Харитонов,Ефрем,Фадеевич,1969-09-07,Ботсвана
550,Лукина,Якуб,Терентьевич,1983-02-05,Ямайка
551,Евсеев,Семен,Эдгардович,1942-04-08,Бурунди
552,Суханова,Петр,Аркадьевна,1989-11-06,Испания
553,Дмитриева,Остромир,Арсеньевич,1996-06-17,ЮАР
554,Артемьев,Лонгин,Афанасьевич,1996-04-18,Фиджи
555,Воронцов,Якуб,Дмитриевна,1989-08-05,Гвинея
556,Носов,Анастасия,Тарасович,1953-11-01,Коморы
557,Волков,Викторин,Владимировна,1971-03-22,Барбадос
558,Цветков,Галактион,Валерьянович,1965-10-11,Гренада
559,Гаврилов,Ипполит,Исидорович,2007-12-18,Ямайка
560,Туров,Изяслав,Владленович,1977-01-14,Судан
561,Чернова,Петр,Всеволодович,1973-07-15,Мальта
562,Виноградова,Владилен,Кузьминична,1973-04-13,Боливия
563,Бобылева,Казимир,Владимировна,2007-12-28,Босния и Герцеговина
564,Ковалева,Симон,Валерианович,1922-09-23,Мальдивы
565,Александрова,Никифор,Рудольфовна,1939-10-26,Самоа
566,Федоров,Савва,Якубович,1991-09-13,Австрия
567,Селиверстов,Лучезар,Захаровна,1973-01-02,Мозамбик
568,Савин,Дорофей,Игоревич,1907-05-06,Япония
569,Николаева,Милица,Филатович,1984-11-25,Бурунди
570,Назаров,Кондратий,Артёмович,1928-09-29,Гвинея-Бисау
571,Шестаков,Любомир,Андреевич,1948-08-08,Болгария
572,Бурова,Максим,Ильич,1998-12-04,Восточный Тимор
573,Селиверстова,Мокей,Тимурович,1965-01-08,Суринам
574,Трофимова,Леонид,Афанасьевна,2015-11-04,Федеративные Штаты Микронезии
575,Щербаков,Гремислав,Тимуровна,1968-09-17,Суринам
576,Шубин,Пров,Захарьевич,2019-04-19,Замбия
577,Ефремова,Лаврентий,Ильич,1997-08-03,Оман
578,Ефимов,Филарет,Руслановна,1982-11-11,Белоруссия
579,Зимин,Иларион,Владиславовна,1980-07-12,Йемен
580,Смирнов,Андрон,Феоктистович,1983-06-17,Ирак
581,Орехов,Фирс,Жанович,1921-04-09,Нигер
582,Савина,Карл,Николаевна,1989-09-11,Бельгия
583,Субботина,Кирилл,Макаровна,1926-11-20,Малави
584,Поляков,Остап,Бенедиктович,1958-12-06,Новая Зеландия
585,Галкина,Егор,Иларионович,1951-09-13,Мозамбик
586,Суханов,Павел,Гавриилович,1989-03-17,Вьетнам
587,Антонова,Екатерина,Вениаминовна,2000-07-28,Эквадор
588,Крюкова,Капитон,Аверьянович,1948-09-12,Багамские Острова
589,Турова,Лавр,Егорович,1972-11-07,Соломоновы Острова
590,Чернов,Архип,Евстигнеевич,1997-04-15,Сент-Люсия
591,Горшкова,Антонина,Олеговна,1920-08-03,Лаос
592,Афанасьева,Ангелина,Валерианович,1932-03-17,Катар
593,Рогова,Геннадий,Ивановна,1923-01-12,Сальвадор
594,Носов,Эмиль,Устинович,1910-08-17,Коморы
595,Кириллова,Моисей,Альбертовна,1926-10-13,Антигуа и Барбуда
596,Терентьев,Филипп,Яковлевна,2018-08-09,Гамбия
597,Сидорова,Вацлав,Фадеевич,1921-10-09,Гондурас
598,Герасимов,Валентина,Викторовна,2011-05-09,Тунис
599,Бирюкова,Гурий,Ивановна,1924-04-22,Коморы
600,Комарова,Ия,Трифонович,1920-12-18,Дания
601,Трофимова,Евгений,Евгеньевна,2021-09-29,Багамские Острова
602,Крюкова,Наина,Анисимович,1912-02-10,Узбекистан
603,Савина,Любосмысл,Аксёнович,1930-03-09,Маврикий
604,Захаров,Савватий,Денисович,1994-08-12,Бруней
605,Максимов,Федот,Антоновна,1948-12-17,Коморы
606,Нестерова,Евстигней,Арсенович,1953-06-18,Гватемала
607,Павлова,Селиван,Феликсович,2004-09-07,Сан-Томе и Принсипи
608,Моисеева,Октябрина,Харитонович,1973-05-12,Израиль
609,Боброва,Софрон,Васильевна,1988-06-01,Куба
610,Носова,Ростислав,Андреевич,1982-05-18,Швейцария
611,Кулагина,Гурий,Ааронович,1962-08-24,Гаити
612,Чернов,Александр,Ефимьевич,1929-09-24,Алжир
613,Макарова,Ипат,Жанович,1915-07-17,Вануату
614,Моисеева,Мариан,Захарьевич,1966-10-14,Румыния
615,Белоусов,Аггей,Юрьевна,1998-04-23,Фиджи
616,Соколов,Феврония,Болеславовна,1981-09-11,Грузия
617,Хохлов,Николай,Филатович,1998-10-03,Бангладеш
618,Назарова,Никита,Елизарович,1967-01-25,Румыния
619,Галкин,Афиноген,Ермолаевич,1939-01-03,Кувейт
620,Самойлов,Виктория,Борисович,1949-07-28,Чехия
621,Исаков,Евдокия,Ефимович,2003-10-03,Руанда
622,Кудрявцева,Ратибор,Артемовна,2012-05-11,Китай
623,Осипова,Осип,Юльевич,1956-10-04,Камбоджа
624,Тетерина,Конон,Валерьевич,1950-02-07,Гаити
625,Доронин,Евграф,Фадеевич,1969-10-29,Молдавия
626,Овчинникова,Лев,Михайловна,1935-09-26,Швеция
627,Королев,Куприян,Георгиевич,2016-06-28,Италия
628,Фомина,Изот,Юльевич,1961-04-15,Ливан
629,Буров,Наркис,Феоктистович,1972-11-19,Монголия
630,Вишняков,Евдокия,Фокич,2007-09-02,Аргентина
631,Соболева,Евдокия,Дмитриевич,1991-07-30,Гвинея-Бисау
632,Зимина,Елизар,Витальевич,2014-11-11,Босния и Герцеговина
633,Белоусова,Кира,Андреевна,2008-04-25,Джибути
634,Ширяева,Дмитрий,Ермолаевич,2002-12-07,Армения
635,Вишнякова,Геннадий,Антипович,2006-07-23,Исландия
636,Блохина,Савватий,Вениаминовна,1941-08-29,Казахстан
637,Попов,Викторин,Валентиновна,1949-05-23,Боливия
638,Осипова,Кирилл,Захаровна,2009-09-10,Болгария
639,Комиссаров,Пантелеймон,Даниловна,1927-03-07,Тувалу
640,Субботин,Ефим,Эдуардовна,1975-07-08,Северная Македония
641,Коновалов,Константин,Мироновна,1997-05-05,Черногория
642,Чернов,Ефрем,Иосипович,2010-02-03,Мьянма
643,Носов,Иван,Ильич,1960-01-07,Лаос
644,Сысоев,Алина,Феликсович,1970-05-24,Великобритания
645,Сазонов,Лора,Никифоровна,1937-07-27,Фиджи
646,Гущина,Панкрат,Федоровна,1994-07-29,Армения
647,Титов,Вероника,Альбертовна,1988-11-10,Доминика
648,Доронина,Юлиан,Евсеевич,1990-07-28,Азербайджан
649,Беляев,Радим,Леоновна,1929-03-28,Экваториальная Гвинея
650,Кулагин,Варфоломей,Трифонович,1927-01-28,Соломоновы Острова
651,Егоров,Ульяна,Романовна,1970-12-12,Ирландия
652,Елисеев,Амос,Ефимовна,1928-10-03,КНДР
653,Силин,Фёкла,Августович,1986-07-18,Лесото
654,Русаков,Фотий,Геннадиевна,1979-03-08,Сербия
655,Коновалова,Аникей,Ивановна,1924-08-13,Камерун
656,Бобылев,Анжела,Александровна,1941-01-10,Сент-Китс и Невис
657,Казакова,Гордей,Викентьевич,1939-09-30,Чад
658,Рогов,Лукьян,Игоревна,1934-02-28,Иордания
659,Кононова,Ладислав,Терентьевич,1945-04-22,Япония
660,Селиверстова,Изот,Ефремович,2005-12-15,Бангладеш
661,Маркова,Дорофей,Игоревна,1979-04-06,Эсватини
662,Щербаков,Ювеналий,Васильевич,1973-04-10,Нидерланды
663,Сысоева,Игорь,Бенедиктович,1920-01-10,Эсватини
664,Кошелев,Тит,Тарасовна,1959-10-23,ОАЭ
665,Захарова,Исидор,Васильевич,1944-06-26,Эритрея
666,Селезнев,Герман,Яковлевна,1972-07-09,Бразилия
667,Полякова,Марина,Марсович,1992-05-29,Исландия
668,Новиков,Петр,Вячеславович,1954-02-26,Новая Зеландия
669,Блинов,Епифан,Гавриилович,1985-12-30,Словакия
670,Якушева,Мина,Димитриевич,1916-08-23,Гондурас
671,Рожкова,Самуил,Федоровна,1945-04-03,Молдавия
672,Веселов,Потап,Георгиевна,1912-05-08,Бахрейн
673,Жданов,Ерофей,Егорович,1992-09-05,Малайзия
674,Ситников,Капитон,Артемовна,1995-07-12,Монголия
675,Михайлова,Радислав,Жанович,1962-03-19,Чад
676,Герасимов,Тамара,Власович,1931-07-18,Узбекистан
677,Брагина,Артемий,Захаровна,1967-10-23,Гаити
678,Тимофеев,Василиса,Максимовна,1975-02-19,Ямайка
679,Герасимов,Азарий,Адамович,1928-01-27,Гватемала
680,Григорьева,Автоном,Валентинович,2021-01-09,Камбоджа
681,Воробьев,Алевтина,Демидович,1950-03-03,Лесото
682,Кудрявцева,Наркис,Тимурович,1979-04-01,Сент-Китс и Невис
683,Волков,Илья,Аскольдовна,1931-06-13,Япония
684,Блохин,Модест,Венедиктович,1966-09-27,Ливия
685,Тихонов,Мстислав,Валентиновна,1938-08-26,Папуа
686,Тетерин,Олимпий,Игоревна,1983-12-26,Нигер
687,Куликова,Аркадий,Артемовна,1997-12-04,Нидерланды
688,Шашкова,Лазарь,Гурьевич,1994-11-20,Малайзия
689,Артемьев,Гедеон,Вениаминовна,1944-06-10,Лесото
690,Якушева,Прохор,Терентьевич,1920-02-15,Эритрея
691,Маркова,Таисия,Антоновна,1907-05-15,Словакия
692,Петухов,Глафира,Феоктистович,1995-08-13,Фиджи
693,Громов,Афиноген,Мироновна,1964-07-20,Австралия
694,Петров,Эраст,Трифонович,1941-10-16,Таджикистан
695,Зуева,Руслан,Леоновна,1933-01-04,Соломоновы Острова
696,Алексеева,Адриан,Руслановна,1944-02-05,Республика Корея
697,Копылова,Иосиф,Тихонович,1910-11-03,Португалия
698,Попов,Капитон,Вячеславовна,2009-07-13,Хорватия
699,Ширяева,Евгения,Жоресович,1993-08-19,Маршалловы Острова
700,Никонова,Евдокия,Юльевна,1956-08-31,Албания
701,Михайлов,Лавр,Давидович,2005-12-06,Кипр
702,Силин,Матвей,Ефстафьевич,1915-02-07,Исландия
703,Терентьева,Аскольд,Ниловна,1967-09-18,Мьянма
704,Новикова,Конон,Юрьевна,1921-11-30,Мозамбик
705,Большаков,Валерий,Федосьевич,1923-08-19,Китай
706,Кудряшов,Порфирий,Давыдович,2016-12-03,Эфиопия
707,Моисеева,Селиверст,Ильич,1909-08-30,Самоа
708,Чернов,Юлий,Демидович,1919-04-18,Сьерра-Леоне
709,Галкин,Регина,Ануфриевич,1914-05-11,Мальдивы
710,Кошелева,Карп,Димитриевич,1994-04-20,Молдавия
711,Рожков,Ювеналий,Марсович,1942-07-07,Мьянма
712,Суханова,Вениамин,Тарасович,1985-01-21,Италия
713,Бобылев,Эрнест,Феофанович,1951-04-17,Эквадор
714,Петухова,Самсон,Евсеевич,1937-09-01,Гренада
715,Зайцев,Всеволод,Львовна,1973-03-12,Федеративные Штаты Микронезии
716,Зимина,Ратмир,Ильясович,1980-10-11,Чад
717,Тетерин,Степан,Федосеевич,1977-02-26,Тонга
718,Семенов,Анастасия,Алексеевич,1975-01-07,Австралия
719,Ширяев,Аникита,Эдуардович,1947-04-10,Ботсвана
720,Ильин,Валерьян,Геннадиевна,1999-05-25,Вьетнам
721,Панфилов,Федосий,Александрович,2021-12-10,Тунис
722,Фомин,Нина,Богданович,1984-10-28,Бенин
723,Бобров,Татьяна,Сергеевна,1923-11-21,Сейшельские Острова
724,Игнатов,Юлия,Фомич,1959-04-30,Гвинея-Бисау
725,Белозерова,Вышеслав,Юльевич,1988-04-29,Суринам
726,Никифорова,Касьян,Харитоновна,1957-10-05,ОАЭ
727,Архипова,Егор,Зиновьевич,2020-12-09,Чад
728,Анисимова,Лавр,Даниилович,1971-01-09,Чехия
729,Кузьмина,Радим,Ермилович,1911-10-17,Малайзия
730,Максимова,Эмилия,Изотович,1932-02-15,Португалия
731,Комаров,Борислав,Валентиновна,1999-08-24,Мадагаскар
732,Исаков,Виссарион,Бориславович,1952-12-12,Экваториальная Гвинея
733,Шестаков,Эмиль,Федосьевич,1930-10-18,Кувейт
734,Уваров,Епифан,Антоновна,1989-03-27,Парагвай
735,Назарова,Будимир,Эдуардович,1932-12-21,Соломоновы Острова
736,Богданов,Ипполит,Абрамович,1999-06-15,Таиланд
737,Артемьев,Гурий,Антипович,1927-09-17,Габон
738,Фомин,Богдан,Фёдорович,1944-02-22,Камерун
739,Королев,Авксентий,Леонидовна,2016-08-11,Суринам
740,Кабанова,Валентин,Данилович,1938-02-24,Черногория
741,Елисеева,Елизар,Германович,2015-11-17,Маршалловы Острова
742,Соболев,Иван,Витальевич,1932-11-21,Люксембург
743,Полякова,Флорентин,Борисович,2020-07-21,Бурунди
744,Ковалева,Самсон,Олеговна,1997-03-22,Намибия
745,Блинова,Фока,Бориславович,1950-11-11,Демократическая Республика Конго
746,Дорофеев,Ананий,Руслановна,1948-11-08,Гамбия
747,Турова,Селиверст,Федоровна,1967-09-24,Аргентина
748,Филиппов,Галактион,Феликсовна,1971-09-09,Латвия
749,Коновалов,Епифан,Харитоновна,1915-09-18,Гвинея
750,Андреева,Никон,Харитонович,1919-07-28,Япония
751,Давыдов,Кира,Еремеевич,2020-09-08,Гватемала
752,Молчанова,Алексей,Федосьевич,2014-09-20,Маршалловы Острова
753,Федоров,Демид,Фадеевич,1973-11-29,Папуа
754,Козлова,Болеслав,Львовна,1991-04-13,Сейшельские Острова
755,Жданов,Ферапонт,Фёдорович,1927-04-15,Марокко
756,Меркушева,Амвросий,Ильинична,1908-01-26,Индонезия
757,Данилов,Анжела,Владимировна,1971-07-02,Саудовская Аравия
758,Крюков,Владимир,Юрьевна,1954-07-16,Монако
759,Сорокина,Сигизмунд,Августович,1947-03-11,Ирак
760,Гурьев,Федот,Андреевич,1960-05-29,Литва
761,Кулаков,Глафира,Ярославович,1975-04-04,Мальта
762,Алексеев,Никандр,Захаровна,1996-04-09,Россия
763,Юдин,Валерий,Владиленович,1944-02-07,Гамбия
764,Трофимова,Селиван,Ерофеевич,1997-10-15,Литва
765,Кузьмин,Герасим,Руслановна,1996-04-13,Лихтенштейн
766,Мельникова,Артемий,Афанасьевич,2016-10-04,Белиз
767,Кулакова,Натан,Оскаровна,2000-10-30,Палау
768,Носков,Феврония,Алексеевна,1970-07-25,Уругвай
769,Лобанов,Вероника,Болеславовна,1941-08-27,Израиль
770,Одинцова,Рубен,Харлампьевич,1966-03-20,Испания
771,Лукин,Милий,Ануфриевич,1970-10-25,Австралия
772,Лобанова,Анжелика,Тихонович,1943-08-28,Джибути
773,Марков,Никифор,Евсеевич,1907-08-26,Новая Зеландия
774,Орехов,Савватий,Альбертовна,1987-08-21,Новая Зеландия
775,Емельянов,Аскольд,Иларионович,1941-06-04,Босния и Герцеговина
776,Ширяева,Сергей,Борисовна,1927-08-13,Новая Зеландия
777,Захаров,Ермил,Вилорович,1987-01-23,Мали
778,Чернова,Валерьян,Михайловна,1962-10-26,Вануату
779,Сорокин,Панфил,Вилорович,1963-11-11,Антигуа и Барбуда
780,Самсонов,Андрей,Владиславовна,1917-01-30,Малави
781,Одинцов,Маргарита,Максимовна,1940-04-20,Андорра
782,Шарапов,Феликс,Игнатович,1991-08-07,Гренада
783,Иванов,Аполлон,Юльевна,1967-06-29,Лесото
784,Лихачев,Лукьян,Жанович,1997-09-01,Демократическая Республика Конго
785,Хохлов,Лора,Глебович,1956-12-06,Болгария
786,Савин,Данила,Игоревич,1916-04-07,Сьерра-Леоне
787,Устинов,Терентий,Юльевна,1943-01-01,Сирия
788,Тихонова,Владилен,Феликсович,2002-08-28,Доминиканская Республика
789,Дмитриева,Прокл,Артемовна,1964-12-28,Бруней
790,Королева,Сигизмунд,Федоровна,1968-11-02,Республика Корея
791,Тимофеев,Екатерина,Иларионович,2000-10-29,Монако
792,Кулагин,Матвей,Игнатьевич,1942-02-08,Тунис
793,Степанов,Валерьян,Мироновна,2008-10-23,Панама
794,Карпов,Ираклий,Тарасович,2003-03-06,Румыния
795,Аксенова,Севастьян,Федосьевич,1948-04-05,Южный Судан
796,Кононова,Валерьян,Филиппович,1947-10-14,Папуа
797,Григорьев,Самсон,Авдеевич,2019-08-12,Маврикий
798,Давыдова,Тимур,Анатольевна,1935-05-18,Болгария
799,Калинин,Наталья,Ануфриевич,2000-10-26,Таджикистан
800,Мясникова,Герман,Валентинович,1994-08-23,ЮАР
801,Мясникова,Амос,Геннадиевна,1937-09-24,Мексика
802,Красильникова,Владлен,Ермилович,1978-06-13,Палау
803,Комаров,Святополк,Феликсович,1910-09-10,Великобритания
804,Шаров,Стоян,Демьянович,2020-05-25,Ливан
805,Лукина,Виталий,Ерофеевич,1913-02-16,Сент-Винсент и Гренадины
806,Силина,Терентий,Викторовна,1972-10-09,Ангола
807,Кабанов,Пахом,Ефимович,1964-06-30,Китай
808,Ермакова,Епифан,Гавриилович,2013-03-23,Бангладеш
809,Кононова,Викторин,Архипович,2008-09-01,Малави
810,Матвеев,Филарет,Павловна,2004-11-03,Бутан
811,Щербаков,Ольга,Максимовна,1956-09-06,Ливия
812,Силина,Геннадий,Эдуардовна,1991-08-20,Гондурас
813,Титов,Поликарп,Абрамович,1992-08-17,Германия
814,Данилова,Петр,Вилорович,1927-02-20,Тувалу
815,Моисеева,Милий,Гурьевич,2019-08-23,Таджикистан
816,Стрелков,Артемий,Архипович,1959-05-15,Камерун
817,Нестеров,Юлиан,Демидович,1997-07-15,Намибия
818,Комарова,Петр,Бориславович,1929-07-28,Гренада
819,Никифорова,Христофор,Вениаминовна,1945-09-26,Греция
820,Панфилов,Виталий,Харитоновна,1976-11-28,Киргизия
821,Егорова,Пимен,Антонович,2015-09-24,Венесуэла
822,Рожков,Павел,Николаевна,1909-07-27,Китай
823,Кошелев,Филимон,Геннадиевна,1948-08-29,Сальвадор
824,Архипов,Лора,Всеволодович,1980-02-14,Кирибати
825,Алексеева,Октябрина,Филиппович,1976-11-11,Швеция
826,Гусев,Руслан,Всеволодович,1967-07-01,Россия
827,Белова,Климент,Святославовна,1963-02-08,Лихтенштейн
828,Суханова,Юлий,Ермилович,1980-08-23,Армения
829,Веселова,Эммануил,Дорофеевич,2003-05-02,Суринам
830,Соловьев,Добромысл,Ивановна,1998-02-16,Нигер
831,Панова,Валерий,Вячеславович,2006-02-28,Уругвай
832,Селезнева,Савватий,Федотович,2013-08-07,Федеративные Штаты Микронезии
833,Русакова,Галактион,Павловна,1945-02-12,Боливия
834,Исаев,Анна,Эльдаровна,1907-01-31,Либерия
835,Наумова,Иларион,Фадеевич,1918-07-02,Ирак
836,Ситников,Зоя,Рубеновна,1939-04-09,Ямайка
837,Дроздов,Соломон,Оскаровна,1935-08-17,Иран
838,Овчинников,Савватий,Викентьевич,1983-09-30,Боливия
839,Комарова,Авдей,Абрамович,1908-05-08,Экваториальная Гвинея
840,Рогова,Мина,Игнатович,1959-12-27,Сан-Томе и Принсипи
841,Колобова,Любомир,Константиновна,1958-08-13,Албания
842,Трофимов,Андроник,Дорофеевич,2013-02-03,Коморы
843,Попова,Трифон,Юрьевна,1909-10-18,Буркина-Фасо
844,Рогов,Устин,Станиславовна,2003-08-02,Люксембург
845,Большакова,Боян,Эдуардовна,1953-01-18,Сан-Марино
846,Потапова,Любосмысл,Елисеевич,1922-06-02,Панама
847,Костина,Милован,Львовна,2016-08-12,Перу
848,Афанасьева,Алла,Альбертовна,2003-10-19,Латвия
849,Жукова,Панкрат,Трифонович,2008-12-08,Саудовская Аравия
850,Веселова,Владислав,Андреевич,1940-11-27,Гвинея
851,Беляев,Антонин,Тимуровна,2000-01-15,Тонга
852,Дорофеев,Изяслав,Феоктистович,1953-08-22,Венесуэла
853,Большаков,Аскольд,Абрамович,1965-05-31,Литва
854,Рябов,Авдей,Исидорович,1944-04-10,Сент-Китс и Невис
855,Яковлев,Игнатий,Николаевна,1961-04-19,Бурунди
856,Евдокимова,Мирослав,Федосеевич,1974-06-22,Сент-Винсент и Гренадины
857,Князева,Викторин,Валерианович,1918-06-16,Восточный Тимор
858,Федоров,Елизар,Юлианович,1938-01-30,Либерия
859,Кузнецова,Агап,Павловна,1917-05-23,Израиль
860,Фомин,Лаврентий,Евсеевич,1976-01-22,Дания
861,Ситников,Виталий,Архипович,2008-05-20,Тунис
862,Дорофеева,Ростислав,Игоревна,1966-01-25,Гватемала
863,Авдеев,Анжела,Ефимьевич,1944-02-24,Нигерия
864,Колесникова,Лариса,Артемьевич,2014-06-06,Мексика
865,Кузьмина,Чеслав,Андреевич,1942-09-10,Швеция
866,Емельянова,Трифон,Владленович,2011-03-27,Мальдивы
867,Лапина,Богдан,Григорьевна,2021-02-25,Антигуа и Барбуда
868,Медведев,Алевтина,Ефстафьевич,1917-12-24,Хорватия
869,Бурова,Валентин,Ерофеевич,1996-08-31,Того
870,Шарапов,Силантий,Ильич,2010-07-19,Румыния
871,Аксенова,Остромир,Анатольевич,1953-02-09,Эстония
872,Туров,Викторин,Елизарович,1947-02-13,Румыния
873,Беляев,Марфа,Филиппович,1957-07-29,Венгрия
874,Сафонова,Прокл,Богданович,2000-11-13,Монако
875,Пестова,Аггей,Ефимьевич,1958-10-18,Мальдивы
876,Агафонов,Казимир,Валерианович,2001-08-09,Казахстан
877,Горбунова,Ювеналий,Эдгардович,1948-12-11,Федеративные Штаты Микронезии
878,Беляков,Марк,Андреевна,1925-04-09,Того
879,Васильев,Селиверст,Тимофеевна,1970-04-27,Франция
880,Пономарева,Михаил,Никифоровна,1965-04-06,Италия
881,Михеева,Антип,Фролович,1998-07-07,Малави
882,Сидоров,Лука,Герасимович,1945-12-07,Киргизия
883,Комиссаров,Тит,Дмитриевна,2008-05-17,Бруней
884,Белоусов,Лукьян,Рубеновна,1998-06-09,Оман
885,Филиппова,Елизавета,Рудольфовна,1940-02-03,Испания
886,Щукина,Арефий,Валентинович,1951-11-25,Гамбия
887,Орехова,Мечислав,Игоревич,1949-09-20,Великобритания
888,Наумова,Соломон,Тарасовна,1981-09-20,Румыния
889,Куликов,Максимильян,Димитриевич,1909-10-18,Эфиопия
890,Жданов,Феофан,Константиновна,1962-01-07,Филиппины
891,Беляков,Руслан,Тарасович,2007-07-15,Албания
892,Зимин,Карл,Ивановна,1962-12-06,Тунис
893,Жукова,Святослав,Максимовна,1955-09-08,Турция
894,Красильников,Вячеслав,Вячеславовна,1945-01-24,Гана
895,Фомин,Марк,Руслановна,1968-12-19,Великобритания
896,Зайцев,Станислав,Эдуардовна,1937-07-02,Чехия
897,Дроздов,Милен,Антонович,1932-04-02,Гайана
898,Симонов,Кирилл,Павловна,2014-04-29,Босния и Герцеговина
899,Федосеев,Милий,Матвеевич,1930-02-08,Колумбия
900,Кириллова,Демид,Демидович,1985-08-22,Гренада
901,Федорова,Лидия,Игнатьевич,1932-01-01,Эритрея
902,Ларионов,Влас,Глебович,1910-04-26,Кения
903,Кононов,Мирослав,Арсеньевич,1988-10-12,Мозамбик
904,Абрамова,Данила,Харитонович,1981-12-20,Танзания
905,Гаврилов,Остромир,Афанасьевна,1972-08-11,Афганистан
906,Крылов,Родион,Яковлевна,1979-10-06,Тувалу
907,Воронова,Алла,Вячеславовна,2002-09-11,ЮАР
908,Юдина,Игнатий,Ермилович,1978-02-23,Гренада
909,Казаков,Куприян,Максимовна,1945-12-17,Буркина-Фасо
910,Маслов,Ольга,Ерофеевич,1973-10-14,Словакия
911,Алексеева,Елена,Эдуардовна,1942-02-02,Дания
912,Никифорова,Кондрат,Викторовна,1948-05-17,Коморы
913,Большаков,Юлий,Геннадиевич,1984-03-24,Латвия
914,Доронин,Олег,Евсеевич,2020-05-22,Литва
915,Князев,Всеволод,Феликсович,1917-03-20,Чили
916,Герасимова,Пахом,Германович,1909-06-21,Монако
917,Шарапова,Соломон,Андреевич,1982-04-15,Ирак
918,Осипова,Анатолий,Георгиевна,1924-04-04,Малайзия
919,Марков,Нонна,Ильич,1989-08-13,Белиз
920,Русаков,Владилен,Владиславовна,2016-10-22,Науру
921,Зайцева,Варлаам,Ефстафьевич,1998-10-29,Алжир
922,Крылова,Автоном,Виленович,1998-03-20,Эфиопия
923,Богданов,Юрий,Ярославович,1932-04-14,Бурунди
924,Воробьева,Велимир,Антоновна,1980-10-13,Белоруссия
925,Боброва,Роман,Антоновна,2014-06-30,Кабо-Верде
926,Колесников,Гордей,Архиповна,2014-08-20,Испания
927,Рябов,Аверьян,Рубеновна,1971-06-18,Лесото
928,Тихонова,Ферапонт,Артемьевич,1912-02-27,ОАЭ
929,Дементьева,Фока,Венедиктович,1970-03-19,Канада
930,Ильина,Ирина,Константиновна,2012-06-17,Белиз
931,Гусев,Данила,Всеволодович,1971-06-19,Ангола
932,Артемьев,Вероника,Кирилловна,1919-12-25,Мексика
933,Лыткина,Елизар,Леонидовна,2001-09-19,ОАЭ
934,Ларионова,Юлиан,Виленович,1978-11-22,Сан-Томе и Принсипи
935,Иванов,Светозар,Кирилловна,2000-02-13,Сан-Томе и Принсипи
936,Мишин,Евдокия,Владиславович,2002-11-13,Казахстан
937,Федосеев,Фрол,Владиславович,2006-02-06,Сент-Китс и Невис
938,Коновалова,Ия,Еремеевич,1979-12-17,Гвинея-Бисау
939,Пахомова,Клавдий,Гаврилович,2003-03-29,Руанда
940,Кабанов,Авксентий,Федосьевич,1950-01-26,Сербия
941,Кузьмина,Евдокия,Иларионович,1992-09-04,Лаос
942,Кондратьев,Кондрат,Борисовна,1965-02-25,Китай
943,Семенов,Оксана,Елизарович,1908-05-20,Джибути
944,Гусев,Тамара,Филиппович,1954-12-01,Греция
945,Сергеева,Светлана,Геннадьевна,2015-12-11,Ливия
946,Семенов,Авксентий,Валериевна,1937-03-15,Доминика
947,Родионов,Пантелеймон,Данилович,1970-06-10,Израиль
948,Савина,Дарья,Федотович,1948-04-05,Австрия
949,Кириллова,Будимир,Зиновьевич,1935-06-17,Колумбия
950,Павлова,Полина,Адрианович,1991-04-13,Камбоджа
951,Гурьева,Лазарь,Вилорович,2008-01-25,Руанда
952,Большаков,Серафим,Матвеевна,1938-02-13,Вануату
953,Титов,Порфирий,Захарьевич,1911-01-25,Тонга
954,Голубева,Кондратий,Якубович,1998-06-26,Гаити
955,Мясникова,Аскольд,Изотович,1952-01-22,Багамские Острова
956,Ларионов,Тихон,Бенедиктович,1952-10-08,Китай
957,Пономарева,Милан,Захаровна,1950-12-11,Багамские Острова
958,Дементьева,Тамара,Димитриевич,1946-05-18,Израиль
959,Казаков,Татьяна,Афанасьевна,1973-03-15,Зимбабве
960,Никитин,Регина,Оскаровна,2021-12-10,Япония
961,Большакова,Карл,Федоровна,2013-08-18,Сьерра-Леоне
962,Кондратьев,Мечислав,Филипповна,1909-07-06,Грузия
963,Харитонов,Гаврила,Ефимовна,2016-02-26,Уругвай
964,Маркова,Антип,Евсеевич,2017-05-05,Тринидад и Тобаго
965,Жданов,Евгения,Игоревна,1926-05-02,Ямайка
966,Молчанов,Владлен,Петровна,1947-09-04,Лесото
967,Шубин,Трофим,Ермилович,1960-06-20,Мальдивы
968,Беляков,Остромир,Ануфриевич,1956-06-09,Гайана
969,Федоров,Герасим,Тарасовна,1993-01-27,Ирландия
970,Мясникова,Давыд,Фомич,1968-07-31,Гайана
971,Капустина,Евгений,Антипович,2001-08-16,Тринидад и Тобаго
972,Бурова,Тарас,Еремеевич,1959-01-07,Сент-Китс и Невис
973,Шубина,Юлиан,Валентиновна,1990-11-02,Бразилия
974,Игнатов,Глафира,Дорофеевич,1981-01-18,Кот-д’Ивуар
975,Давыдов,Амвросий,Брониславович,2016-10-20,Украина
976,Фролов,Наина,Юрьевна,1913-08-22,Палау
977,Третьяков,Ипатий,Наумовна,1932-05-31,Албания
978,Суворова,Юрий,Ильинична,1933-05-11,Папуа
979,Яковлева,Натан,Брониславович,1966-04-24,Фиджи
980,Панфилов,Евсей,Венедиктович,1959-09-17,Тонга
981,Уваров,Любосмысл,Жанович,1935-10-03,ОАЭ
982,Михеева,Изяслав,Оскаровна,1968-01-04,Кения
983,Сафонова,Сильвестр,Максимовна,2021-03-21,Киргизия
984,Миронова,Леонтий,Августович,1973-12-23,Федеративные Штаты Микронезии
985,Суханов,Владлен,Яковлевна,1997-04-07,Самоа
986,Кузнецова,Алла,Ануфриевич,1994-01-18,Ирландия
987,Попова,Константин,Брониславович,1933-07-10,Китай
988,Силина,Максим,Олеговна,2021-02-11,Парагвай
989,Морозова,Ладимир,Макаровна,2010-07-10,Соломоновы Острова
990,Терентьева,Велимир,Ильясович,2006-02-17,Албания
991,Овчинников,Самуил,Феликсович,2013-07-14,Греция
992,Кузнецова,Екатерина,Валерьевич,1958-01-18,Ангола
993,Харитонов,Лукьян,Филиппович,1942-04-14,Египет
994,Воронов,Виталий,Павловна,2017-04-16,Маврикий
995,Пахомов,Евдокия,Иларионович,1919-06-17,Тринидад и Тобаго
996,Пахомова,Станимир,Демидович,2009-03-01,Ливия
997,Константинов,Аскольд,Эдуардович,1955-07-24,Федеративные Штаты Микронезии
998,Сафонов,Наркис,Аскольдовна,1978-03-28,Бенин
999,Павлова,Борис,Романовна,1996-02-03,Шри-Ланка
1000,Яковлева,Иван,Даниловна,1942-10-13,Нигерия
